uuid,uri
72b8118a-085e-4768-ac66-c1223834ec91,https://ngk.wisski.cloud/contents/67b4a525d35ef
c2940b1a-e031-4622-a8e1-e4ba38ed9d85,https://ngk.wisski.cloud/contents/67b4a5269db62
87473954-f198-4b88-a11d-d5c1a8292741,https://ngk.wisski.cloud/contents/67b4a526ed7d8
413c5846-dc02-480b-887a-c9d6924bf639,https://ngk.wisski.cloud/contents/67b4a527407cf
3908feb7-be1a-4250-aebb-2e95fc3d3e77,https://ngk.wisski.cloud/contents/67b4a5278df65
14801de3-3da5-4070-bb1b-3b10b14aa703,https://ngk.wisski.cloud/contents/67b4a527d32a7
2edd3c7b-6f8b-4d1f-9035-7b0b88e7222c,https://ngk.wisski.cloud/contents/67b4a5282189f
9755cc9c-4f04-443f-8709-12dba6f461a4,https://ngk.wisski.cloud/contents/67b4a528632d6
f2423fb6-082a-4b5f-ac1e-6e0f8a9b1fd1,https://ngk.wisski.cloud/contents/67b4a528ac2e8
1f154527-a687-4f85-ad45-9e3f2002d156,https://ngk.wisski.cloud/contents/67b4a528ecfb3
98229243-e386-400a-8f64-ae5ec7aca997,https://ngk.wisski.cloud/contents/67b4a5293372b
039f8364-4cfe-4795-847e-e0bfae0efb8c,https://ngk.wisski.cloud/contents/67b4a5296eff0
3fd685cd-bf5b-44d3-844e-547bd9dc2699,https://ngk.wisski.cloud/contents/67b4a529b29a1
6238e1fe-c29c-4916-9590-f87a8290083a,https://ngk.wisski.cloud/contents/67b4a52a01d79
a45575bb-eaa8-4591-8e37-b710111a4d91,https://ngk.wisski.cloud/contents/67b4a52a3e781
3591ee48-97b4-4fdd-be69-5203b0cdf031,https://ngk.wisski.cloud/contents/67b4a52a7fc19
f778d2a6-4929-414d-b1f9-7c5f046fb92f,https://ngk.wisski.cloud/contents/67b4a52abcbb8
d570995f-f06d-4192-a0f5-ba7ac708cc69,https://ngk.wisski.cloud/contents/67b4a52b04e16
9eba7305-7e29-4468-8f70-e6554b63cdca,https://ngk.wisski.cloud/contents/67b4a52b44b49
d67a1d99-0b31-4076-b948-7a7d62009b6b,https://ngk.wisski.cloud/contents/67b4a52b7ecf1
23f7c7f8-dae4-4595-90ae-fcef562c27fd,https://ngk.wisski.cloud/contents/67b4a52bbdab8
a24f48b7-64ce-442e-bb4f-cc1cbf259a4b,https://ngk.wisski.cloud/contents/67b4a52c0056e
7f046fc9-8892-4072-8d9e-9b7c98d10e7d,https://ngk.wisski.cloud/contents/67b4a52c4117c
87bfe3aa-3443-4f7d-ae6a-10f57f88f1df,https://ngk.wisski.cloud/contents/67b4a52c7c64f
d71350b4-6fb2-489e-86ce-edcf34a3f1c0,https://ngk.wisski.cloud/contents/67b4a52cb749b
03f897b6-03b5-4e70-b2d5-96eb7062138f,https://ngk.wisski.cloud/contents/67b4a52d00560
d98b0af8-a1d3-492f-b4b5-86f0557b46cd,https://ngk.wisski.cloud/contents/67b4a52d3980f
65ed93aa-ee75-45b6-bf98-1c431e734215,https://ngk.wisski.cloud/contents/67b4a52d77b38
95c73caa-8725-45d0-bbed-1d4d7c3ae9a3,https://ngk.wisski.cloud/contents/67b4a52db084c
4ccea733-db80-4c08-a143-0198c40edbe5,https://ngk.wisski.cloud/contents/67b4a52deac6f
2a94fab0-71c7-4418-a62f-1d37b112ff3d,https://ngk.wisski.cloud/contents/67b4a52e35191
5c5a86f6-4f4e-4d7f-b648-fa1cb52a45ab,https://ngk.wisski.cloud/contents/67b4a52e6dbdc
516bc569-a007-417e-b4fd-5aa2c434554a,https://ngk.wisski.cloud/contents/67b4a52eae11e
279d6312-15cf-4bea-b6d0-d6210ec775b3,https://ngk.wisski.cloud/contents/67b4a52eebb1b
3f89dd26-718e-4d91-85c6-0258099c9c8b,https://ngk.wisski.cloud/contents/67b4a52f31f43
bb6cef03-e865-4005-a636-806e9fb025ef,https://ngk.wisski.cloud/contents/67b4a52f6f656
5a485660-aeb5-4028-a195-888f56ab0926,https://ngk.wisski.cloud/contents/67b4a52faefe9
1a0df9c4-5257-4457-a344-aca79f87c136,https://ngk.wisski.cloud/contents/67b4a52ff0241
d193ccc2-05ad-4fe0-b64f-a6aad32e3179,https://ngk.wisski.cloud/contents/67b4a5303990c
9e450f65-e745-4b9b-9225-68c24ab24b86,https://ngk.wisski.cloud/contents/67b4a530721f8
fba080f9-3dc2-48ae-b44b-ff530bb20d65,https://ngk.wisski.cloud/contents/67b4a530afe20
531d1eae-da9b-44fa-bdc7-ca46d96397a7,https://ngk.wisski.cloud/contents/67b4a530ea537
6be08d5b-9189-4f2e-8337-aa678ee230dc,https://ngk.wisski.cloud/contents/67b4a531321fb
64873891-6faa-4a11-9e66-ed76cf5a0d53,https://ngk.wisski.cloud/contents/67b4a5316879c
90d7daa0-76a7-44b3-a6a8-e8435dfc83e4,https://ngk.wisski.cloud/contents/67b4a5319fc68
9a23f5df-9f7b-4a68-af97-883c8d81d560,https://ngk.wisski.cloud/contents/67b4a531ddf77
cc8cc391-f1c6-4698-9925-f2b87a616523,https://ngk.wisski.cloud/contents/67b4a5321c47a
906b2cc7-2340-4aee-b219-7ed23e5538be,https://ngk.wisski.cloud/contents/67b4a5325b1b3
c7c00560-fa4a-4df5-a47c-3871b01956b4,https://ngk.wisski.cloud/contents/67b4a532959cb
8994fffc-9120-4b66-a4d5-4b50c9ecea08,https://ngk.wisski.cloud/contents/67b4a532d3317
78d01f7d-c41d-49f9-829b-39288366ba14,https://ngk.wisski.cloud/contents/67b4a53318006
be408e71-978f-4840-819a-60861bc593f8,https://ngk.wisski.cloud/contents/67b4a53353f54
0eceb0db-ad1a-4cf2-adf7-1324badb6cbe,https://ngk.wisski.cloud/contents/67b4a533937e8
24b8a17f-4300-4439-9470-3af19fa85754,https://ngk.wisski.cloud/contents/67b4a533cffd2
93135aa1-2e59-4d14-a48e-88cac85b85c1,https://ngk.wisski.cloud/contents/67b4a53415d1e
