docId,uuid,uri
,c388a0ed-39e1-4cb2-b2be-9f2d1faad9d4,https://ngk.wisski.cloud/contents/67b8a3b63bdd7
,8f5d42d2-e797-4c21-b308-0d1f6c3620a2,https://ngk.wisski.cloud/contents/67b8a3b674b74
,649c5394-5835-4329-9e8f-b9e5f0ad5739,https://ngk.wisski.cloud/contents/67b8a3b6a5158
,21630886-10d3-41c7-89a6-d1b015222a03,https://ngk.wisski.cloud/contents/67b8a3b6d6704
,489892bb-9cbd-4adf-b79d-ea1b88a53ae3,https://ngk.wisski.cloud/contents/67b8a3b71c552
,c96bb538-33f1-4389-af03-9c8f9a9d3a08,https://ngk.wisski.cloud/contents/67b8a3b75578a
,e26cd805-c051-457b-86c6-143ec4194883,https://ngk.wisski.cloud/contents/67b8a3b789e2a
,88c3db05-bd12-41c6-ac9f-b3f40ffaee85,https://ngk.wisski.cloud/contents/67b8a3b7be5a4
,57aea4c9-fe4f-4759-8600-97e225d9d3cd,https://ngk.wisski.cloud/contents/67b8a3b801ae8
,b54b4289-b76d-4ac3-b14a-a0712b29670b,https://ngk.wisski.cloud/contents/67b8a3b83c870
,5e581d58-bdad-4a31-a031-08b11284d04e,https://ngk.wisski.cloud/contents/67b8a3b875857
,75702950-991c-4d63-9509-ee49cfdd725a,https://ngk.wisski.cloud/contents/67b8a3b8a6e9e
,aa1c85e0-3ca4-4978-98c0-4e581ac861e0,https://ngk.wisski.cloud/contents/67b8a3b8db55d
,1446be42-3ccd-40e7-9b75-d0ce4dc365d0,https://ngk.wisski.cloud/contents/67b8a3b91c2ec
,a8d9ed1a-b77f-4074-b6fe-b5cbb309a3c6,https://ngk.wisski.cloud/contents/67b8a3b94f737
,a2b9db90-0b20-44a5-b161-be273f881dd5,https://ngk.wisski.cloud/contents/67b8a3b97dcf3
,0cc4885e-3584-4cc3-b0ba-3ddbda2f3bb3,https://ngk.wisski.cloud/contents/67b8a3b9b6436
,d890dd75-3f26-41d1-a2aa-47f2a07fed03,https://ngk.wisski.cloud/contents/67b8a3b9e1bf9
,b7fa5a97-047b-4bb4-9c58-ac1e97645097,https://ngk.wisski.cloud/contents/67b8a3ba213a6
,212c28cc-ba0c-4fac-b8d2-b311116b98b1,https://ngk.wisski.cloud/contents/67b8a3ba53ed3
,0394d1d1-ff72-443a-ba08-fc2c827fa955,https://ngk.wisski.cloud/contents/67b8a3ba7fb7f
,3fb76e46-0720-4e85-80d3-5a4c8b40c9e8,https://ngk.wisski.cloud/contents/67b8a3baaabb7
,b9af91b1-6370-4a68-9385-0e838054cbfd,https://ngk.wisski.cloud/contents/67b8a3bae4abb
,422410d8-7539-4480-aa36-b6c4c0aa426f,https://ngk.wisski.cloud/contents/67b8a3bb2a20b
,4d159789-4d8f-4109-8ca4-48c23d919285,https://ngk.wisski.cloud/contents/67b8a3bb68b68
,b1ef0b47-dd77-4305-866c-03ee3504167c,https://ngk.wisski.cloud/contents/67b8a3bb93115
,a5354c27-6ad1-445a-aaf5-1ec241229cd2,https://ngk.wisski.cloud/contents/67b8a3bbbde5a
,dcda30b8-4cb3-4dd6-bec5-94fe2f1583b3,https://ngk.wisski.cloud/contents/67b8a3bbe934c
,9c4fe119-df5b-4616-92ff-29c3284bc87f,https://ngk.wisski.cloud/contents/67b8a3bc291ec
,b18fe3e3-0f4a-4fc0-87d9-742cc21e256b,https://ngk.wisski.cloud/contents/67b8a3bc5a1d0
,fde19f6f-8ea7-499f-b606-83ad2d588968,https://ngk.wisski.cloud/contents/67b8a3bc825ae
,6fd25bde-ef88-4875-866e-34cc69691959,https://ngk.wisski.cloud/contents/67b8a3bcaa358
,61fdcf7d-2ac9-4f2b-9486-af1fa5521d2e,https://ngk.wisski.cloud/contents/67b8a3bcd3fb7
,06f1c104-9eeb-41d5-94c5-08c2488b3d82,https://ngk.wisski.cloud/contents/67b8a3bd139fc
,804aa8c3-aa7a-4d6f-a3ac-2237ea312c18,https://ngk.wisski.cloud/contents/67b8a3bd408ba
,8e45252f-857d-48d4-8cc6-2d8f5854ecff,https://ngk.wisski.cloud/contents/67b8a3bd722ae
,9301ac8f-acaa-40d9-9bf6-be5a273e828e,https://ngk.wisski.cloud/contents/67b8a3bd9f6d0
,6f7eecfb-8a14-4d01-aa58-09771cbbf831,https://ngk.wisski.cloud/contents/67b8a3bdca4b8
,af356700-5341-41be-aa06-0da4ea543b74,https://ngk.wisski.cloud/contents/67b8a3be07ac5
,68fe9ef1-801d-486b-8f9b-b9e15d59afd5,https://ngk.wisski.cloud/contents/67b8a3be35840
,d3a1b302-5534-48a2-8490-36f169e2765a,https://ngk.wisski.cloud/contents/67b8a3be62a48
,171b08a1-7ffe-4ed1-8439-152c27a6a698,https://ngk.wisski.cloud/contents/67b8a3be9231b
,87a1388b-693f-469a-9b3b-06e25fbfd8dc,https://ngk.wisski.cloud/contents/67b8a3bebd57c
,13c96985-78ff-426e-96a6-7d1dd5c6a3c2,https://ngk.wisski.cloud/contents/67b8a3bef1f1e
,c45a7230-a0c7-4c36-8d7a-c517315d5678,https://ngk.wisski.cloud/contents/67b8a3bf2725b
,bf6b97ec-c809-4274-b2a3-fadfdc8f1ef8,https://ngk.wisski.cloud/contents/67b8a3bf508c6
,a3cc2e2f-9b08-4d93-8abf-fe3f4c8c28b3,https://ngk.wisski.cloud/contents/67b8a3bf79653
,cdc79531-a64b-473a-8c4c-67e7cc23d287,https://ngk.wisski.cloud/contents/67b8a3bfa5c93
,3f169cbb-b5a3-4e19-9615-853d920a5c9a,https://ngk.wisski.cloud/contents/67b8a3bfd9c53
,1cfede32-deec-4724-9687-a81623e797fe,https://ngk.wisski.cloud/contents/67b8a3c016490
,7bc6160c-b2f8-4396-8afc-1be3c0485877,https://ngk.wisski.cloud/contents/67b8a3c04658a
,9e92cb89-9c2b-4264-afe2-5af1f596a91e,https://ngk.wisski.cloud/contents/67b8a3c070374
,fa8445e0-dbcb-43a4-8902-c4efa6ea303f,https://ngk.wisski.cloud/contents/67b8a3c09a162
,d2f3c08e-4b7c-4dc2-91ec-39bef454ce74,https://ngk.wisski.cloud/contents/67b8a3c0cd6d0
,cf0a7c0d-52fc-4a20-8476-2b6c5bca62e9,https://ngk.wisski.cloud/contents/67b8a3c10504b
,dca0c83e-d385-41a6-b456-03354567f79d,https://ngk.wisski.cloud/contents/67b8a3c1327ff
,a8a54b16-a12b-4d5a-bf66-05490a14034d,https://ngk.wisski.cloud/contents/67b8a3c16055b
,df75852e-d4c2-47be-8ec4-62a4c9db3f59,https://ngk.wisski.cloud/contents/67b8a3c1936e0
,20be3127-296a-4608-ac6f-0e20624bcce9,https://ngk.wisski.cloud/contents/67b8a3c1c0818
,f7de8c06-b68e-4ff2-8b5f-2953a49476b0,https://ngk.wisski.cloud/contents/67b8a3c1f4120
,45cb96cc-5f96-4d80-9784-a07626501744,https://ngk.wisski.cloud/contents/67b8a3c2329f9
,2b755544-2c56-4f7d-9dda-2c9dc4858b78,https://ngk.wisski.cloud/contents/67b8a3c2640a5
,000f8bc5-a66e-4c83-b7a2-d87a6319f11f,https://ngk.wisski.cloud/contents/67b8a3c2984de
,44f4348a-8707-4afc-98eb-ab3c88622700,https://ngk.wisski.cloud/contents/67b8a3c2ca54a
,6e3130cf-93c3-40e8-89c6-eb140c00c6af,https://ngk.wisski.cloud/contents/67b8a3c305dea
,cbdcb4f9-9725-46b9-aa47-f9958e9fb5c2,https://ngk.wisski.cloud/contents/67b8a3c337325
,01171278-a51c-4914-92d5-95e88f88dd57,https://ngk.wisski.cloud/contents/67b8a3c36a63e
,03c7bcb1-2fff-49ca-b8f6-ebf9c42da23e,https://ngk.wisski.cloud/contents/67b8a3c39636d
,30fd31e1-8126-4816-a66a-8a1f6d301e15,https://ngk.wisski.cloud/contents/67b8a3c3c5ef8
,a941c768-f771-41f1-9d81-267142d716af,https://ngk.wisski.cloud/contents/67b8a3c410c0f
,34e8a282-3e82-4f48-8648-ef35b937f677,https://ngk.wisski.cloud/contents/67b8a3c44ae5b
,b833553e-f8a3-4766-8e7d-05cab4db16f5,https://ngk.wisski.cloud/contents/67b8a3c4849f4
,4b45e11b-b61e-423b-9024-f8dc9330ef20,https://ngk.wisski.cloud/contents/67b8a3c4bd93a
,f4eebe36-8875-452c-979c-b2003cf19f74,https://ngk.wisski.cloud/contents/67b8a3c4f18c8
,9a4b5839-fbe1-4aaa-8649-8cf6cdfd3d97,https://ngk.wisski.cloud/contents/67b8a3c52dc9e
,3df944cf-adf4-499a-8ccd-6c7c79fc4982,https://ngk.wisski.cloud/contents/67b8a3c561bb2
,c94e950a-7663-4cad-87a2-75dce86059b0,https://ngk.wisski.cloud/contents/67b8a3c5963fe
,e8038c7e-4326-444c-9c55-dbfc1fb1dbbc,https://ngk.wisski.cloud/contents/67b8a3c5ce31d
,2230edbc-1052-4483-99e9-1637b07c9de7,https://ngk.wisski.cloud/contents/67b8a3c60c75d
,7ae49dee-3e5e-4578-9f34-af43dfe7a3cb,https://ngk.wisski.cloud/contents/67b8a3c643e2d
,6bee07f5-c78e-4c7e-a105-a17e64c5308e,https://ngk.wisski.cloud/contents/67b8a3c675168
,3407ce14-3927-4b9b-ab48-50886668c26e,https://ngk.wisski.cloud/contents/67b8a3c6a8627
,fb38e927-9de5-4c66-9d60-3e23c0cb3ff2,https://ngk.wisski.cloud/contents/67b8a3c6daf88
,3af927f1-8377-47dd-831d-277509056806,https://ngk.wisski.cloud/contents/67b8a3c71e302
,ddf0cef4-f445-4bd6-abd6-7a81d31fdead,https://ngk.wisski.cloud/contents/67b8a3c752b7d
,9ad00a66-9593-4e5e-9d14-0c2d8b33da87,https://ngk.wisski.cloud/contents/67b8a3c77b5a8
,ff6f7ca3-ac5b-4309-994c-b547a97676de,https://ngk.wisski.cloud/contents/67b8a3c7a6578
,4febe7d1-17cb-437b-82e1-e22d7fd2c54d,https://ngk.wisski.cloud/contents/67b8a3c7d635a
,326842fb-c9ba-4b2e-adf3-48d5c7f3d07b,https://ngk.wisski.cloud/contents/67b8a3c815921
,912b8d50-61c2-469f-819f-5398e86cb3d4,https://ngk.wisski.cloud/contents/67b8a3c845886
,bd164ce5-1894-48cd-a530-5a78a5248ca9,https://ngk.wisski.cloud/contents/67b8a3c86d07d
,cd31f104-c946-4564-9d50-e4ce67d2f899,https://ngk.wisski.cloud/contents/67b8a3c8a02ca
,cb8ee8ef-bf52-4238-b462-9c6a1b73f3b5,https://ngk.wisski.cloud/contents/67b8a3c8d4138
,f4e342ed-9906-48fc-9823-ebfd647db793,https://ngk.wisski.cloud/contents/67b8a3c91017c
,a883ca86-95cc-465e-af99-54e3947b2e46,https://ngk.wisski.cloud/contents/67b8a3c93f4d6
,551b4a32-cf17-4f0f-a631-8e3f0fa8a33e,https://ngk.wisski.cloud/contents/67b8a3c97590f
,6396598c-f533-4f59-b126-cb8dc5da0db1,https://ngk.wisski.cloud/contents/67b8a3c9a388d
,5c654cee-83f4-4b8b-8378-b07a254a5959,https://ngk.wisski.cloud/contents/67b8a3c9d0281
,766b40c8-5185-4697-94e7-8d5ba5143378,https://ngk.wisski.cloud/contents/67b8a3ca0bcc5
,fd61b1c7-05d3-4a0a-b023-50e8948062ac,https://ngk.wisski.cloud/contents/67b8a3ca3f594
,e90de7d7-7318-46af-9f26-ae27d48c3adf,https://ngk.wisski.cloud/contents/67b8a3ca7474a
,456b4073-1cbe-43b3-9942-0858cd891eb7,https://ngk.wisski.cloud/contents/67b8a3caa95ee
,188dbb3c-af28-4777-8824-d17237c3460a,https://ngk.wisski.cloud/contents/67b8a3caddc95
,5caceba5-7ec2-41bc-82a2-6e474ce96f97,https://ngk.wisski.cloud/contents/67b8a3cb1f330
,b7d3c709-6acb-4caa-9a2c-f53b9b37ed04,https://ngk.wisski.cloud/contents/67b8a3cb4f10a
,8b32fb2d-74cb-4d11-a173-60d348ea5531,https://ngk.wisski.cloud/contents/67b8a3cb82d81
,1d4a07d8-2296-40e3-8b2c-22fa38026c32,https://ngk.wisski.cloud/contents/67b8a3cbb7c2f
,8e9f574d-2b5a-4bfe-9037-ae7882b622f4,https://ngk.wisski.cloud/contents/67b8a3cbeaf87
,bac035e5-90a1-4248-a0e6-0701dcd03983,https://ngk.wisski.cloud/contents/67b8a3cc2d77d
,94ecad5a-5f5f-4026-aec8-b051db774b95,https://ngk.wisski.cloud/contents/67b8a3cc64979
,b479ab05-cd78-4486-8ddf-f2694520b9e3,https://ngk.wisski.cloud/contents/67b8a3cc973f7
,5b42d816-47fa-498e-b366-a7222580c011,https://ngk.wisski.cloud/contents/67b8a3ccc36f5
,d3de965b-88e7-45ba-a423-3d5c66177d61,https://ngk.wisski.cloud/contents/67b8a3cd020c6
,c6ee7a92-9ee9-4107-8bca-2582b59882c8,https://ngk.wisski.cloud/contents/67b8a3cd2ee44
,f669429b-a9d3-4432-87bd-525da87b6515,https://ngk.wisski.cloud/contents/67b8a3cd6fc29
,bcac877e-af3b-4fb0-93c1-6525e50ab76d,https://ngk.wisski.cloud/contents/67b8a3cda280a
,25986f97-e5eb-43f0-9fb5-b5152e26da0c,https://ngk.wisski.cloud/contents/67b8a3cdd8133
,c95a2801-9492-47cb-9707-d4bada52a49a,https://ngk.wisski.cloud/contents/67b8a3ce1b908
,3ae55309-cd07-42bc-af24-acbc3e65badb,https://ngk.wisski.cloud/contents/67b8a3ce4d0b3
,93bcf511-dd36-440e-94f2-32c342ec1b92,https://ngk.wisski.cloud/contents/67b8a3ce7fb20
,86a8e6a8-0221-4806-969b-8d6a8024487a,https://ngk.wisski.cloud/contents/67b8a3ceafbb9
,d729383d-44de-4ec0-ac04-786811a03a2f,https://ngk.wisski.cloud/contents/67b8a3cedf5da
,6c07b09a-431b-466c-b680-533fa9d7e948,https://ngk.wisski.cloud/contents/67b8a3cf21e41
,7fd5ef34-a519-4194-b773-566483b2faa8,https://ngk.wisski.cloud/contents/67b8a3cf4f6ea
,68786057-2d2a-49f4-a057-782a3137d3e9,https://ngk.wisski.cloud/contents/67b8a3cf84ae1
,1574a7e2-6ab6-45f7-b470-5ea450106ff9,https://ngk.wisski.cloud/contents/67b8a3cfb9812
,ef3ff307-5541-4734-9190-e96ade8b62c8,https://ngk.wisski.cloud/contents/67b8a3cff06bf
,514c25e2-1959-4ecf-a06b-9fa2525eca03,https://ngk.wisski.cloud/contents/67b8a3d03553a
,6c77b502-1e4c-440c-a52a-b0491561038d,https://ngk.wisski.cloud/contents/67b8a3d06d958
,ff9a7af9-a134-476c-9569-0adc8e1b56b6,https://ngk.wisski.cloud/contents/67b8a3d0a5fde
,a8fb428b-aa9b-4649-a827-eea8c3f5a45b,https://ngk.wisski.cloud/contents/67b8a3d0d5183
,1dd571f7-8f38-4c14-a3e9-cbe27a2298bc,https://ngk.wisski.cloud/contents/67b8a3d1138da
,c38aa8db-aea4-458a-acf8-33cc74a13c61,https://ngk.wisski.cloud/contents/67b8a3d1499f2
,95086ae8-25cd-44cf-aa6a-1fc4ef58a43b,https://ngk.wisski.cloud/contents/67b8a3d17f29b
,874540de-e899-45db-9eeb-41cd9063a17c,https://ngk.wisski.cloud/contents/67b8a3d1bfa12
,ea48fa17-fb85-4ea5-b958-0ddc1f019634,https://ngk.wisski.cloud/contents/67b8a3d1ee4fb
,f0c282f6-8e47-4647-8d82-72443cdd1056,https://ngk.wisski.cloud/contents/67b8a3d231d0c
,bdb05d10-023e-43f5-8aa4-fe5e5e9ab760,https://ngk.wisski.cloud/contents/67b8a3d2695dd
,ebcceafd-0625-47c1-b6e5-b0e6e82038ee,https://ngk.wisski.cloud/contents/67b8a3d29e8b1
,8697f6b1-d871-4bca-819c-1ad8667ecd35,https://ngk.wisski.cloud/contents/67b8a3d2d55f7
,4375bf43-708a-4b41-a313-7efd71beb3d2,https://ngk.wisski.cloud/contents/67b8a3d315bad
,0d10b013-e744-4fd8-b39f-44e693f965c4,https://ngk.wisski.cloud/contents/67b8a3d3493bc
,2b2faa7a-f51e-4148-977a-53888db45946,https://ngk.wisski.cloud/contents/67b8a3d371603
,7c3dccab-69c3-42db-9b7d-b9b4cb120271,https://ngk.wisski.cloud/contents/67b8a3d3984d0
,a861d50b-968b-4ea2-abbd-b29a56293815,https://ngk.wisski.cloud/contents/67b8a3d3c97d8
,6f599fca-c10a-4183-8ad1-8088d238fe5b,https://ngk.wisski.cloud/contents/67b8a3d40a5ff
,c2b9a015-16e8-48e1-9647-b184dc5eff1a,https://ngk.wisski.cloud/contents/67b8a3d43fcfd
,66671d0f-18f3-446b-b8fc-e223b43f603b,https://ngk.wisski.cloud/contents/67b8a3d47b960
,2c65217d-2fa0-46f3-adc4-db2435c0460d,https://ngk.wisski.cloud/contents/67b8a3d4a86e2
,d15b1ec3-a8bd-4cc9-b29f-226172871b12,https://ngk.wisski.cloud/contents/67b8a3d4ddf5b
,d4e3d465-6a18-4a9b-8427-4e0bada667ab,https://ngk.wisski.cloud/contents/67b8a3d51a720
,d13d41c8-4c15-4a13-afcf-920ec185a4db,https://ngk.wisski.cloud/contents/67b8a3d553dd0
,9b853e67-659a-45f4-8356-67f87f2372c0,https://ngk.wisski.cloud/contents/67b8a3d584614
,4f58d88b-df3d-4628-8c66-b08e124f8e40,https://ngk.wisski.cloud/contents/67b8a3d5b6cdc
,68371660-33f9-46c7-b74b-8da087a11096,https://ngk.wisski.cloud/contents/67b8a3d5f17ec
,b78edf3e-edb0-4d91-acf1-78eb2846972b,https://ngk.wisski.cloud/contents/67b8a3d62b950
,3e3f7772-f1ee-440b-a528-81be57040a96,https://ngk.wisski.cloud/contents/67b8a3d659801
,8dd2a4b9-fb95-4ea5-961d-c9577db051da,https://ngk.wisski.cloud/contents/67b8a3d6872ba
,02a6c583-c04c-412c-9100-18fe64b0e2af,https://ngk.wisski.cloud/contents/67b8a3d6b7bb7
,b52a5122-e0d7-46ff-aa6f-458117ae7d57,https://ngk.wisski.cloud/contents/67b8a3d6e5925
,b0f32c5f-099e-47ff-8d58-ac87528bf063,https://ngk.wisski.cloud/contents/67b8a3d71d108
,d81f2d63-20a3-4ca3-ad0b-a695cfde2471,https://ngk.wisski.cloud/contents/67b8a3d744bfa
,32a1f298-fde3-4fec-ab9e-b68e13f14b99,https://ngk.wisski.cloud/contents/67b8a3d76b717
,1d37da50-73c1-449f-aa37-10efe6312fc0,https://ngk.wisski.cloud/contents/67b8a3d793a69
,7f41bebe-4fe6-4e11-b475-ce68a15bf13f,https://ngk.wisski.cloud/contents/67b8a3d7b9c9b
,3de4de2e-cf55-42c1-b28a-1a65745a7b34,https://ngk.wisski.cloud/contents/67b8a3d7e38d5
,c1d9ebc1-2b27-49b1-8861-5711578e1fbf,https://ngk.wisski.cloud/contents/67b8a3d81ef53
,310c41ee-2ae0-4d99-8a87-dcdb7ae16006,https://ngk.wisski.cloud/contents/67b8a3d84ba68
,1472b55a-c559-47d6-8b7a-b4eee1389cda,https://ngk.wisski.cloud/contents/67b8a3d87faf5
,fe891ef3-c538-4c1b-9a7a-674c33814bdd,https://ngk.wisski.cloud/contents/67b8a3d8aedb8
,0b6211c4-1b3a-403f-91b0-566233a98ad7,https://ngk.wisski.cloud/contents/67b8a3d8dcaba
,a3d9c17d-ad36-47d7-a0ed-e68ac229911b,https://ngk.wisski.cloud/contents/67b8a3d9162c3
,a5432a26-6163-4387-a05b-96a57f893896,https://ngk.wisski.cloud/contents/67b8a3d94aa01
,dcfdd61f-8f66-43ec-8dab-bf539706e4b6,https://ngk.wisski.cloud/contents/67b8a3d9793a4
,e287c89b-5b03-4354-b66f-4d5b4c8bc622,https://ngk.wisski.cloud/contents/67b8a3d9a67f4
,1d0ba82d-6820-4fcc-80ab-fef3b0a60683,https://ngk.wisski.cloud/contents/67b8a3d9d8197
,ccd73643-4f72-4b7f-81cf-0651ef382ac3,https://ngk.wisski.cloud/contents/67b8a3da125bc
,526c2816-1bc0-48b1-a18b-b34f0ec0c369,https://ngk.wisski.cloud/contents/67b8a3da3c048
,c03d64d1-89c2-4f00-b85d-90212fe8a4aa,https://ngk.wisski.cloud/contents/67b8a3da65ea4
,16f1d1c3-9f2f-44d1-8bf0-6f8420ea8dc3,https://ngk.wisski.cloud/contents/67b8a3da8e13a
,caf0ee67-9e91-496b-abf3-f21d32bdab26,https://ngk.wisski.cloud/contents/67b8a3dab7776
,dda47fa7-aac0-4d8c-9615-25b7716c12da,https://ngk.wisski.cloud/contents/67b8a3dae3f0e
,8cb0019c-ff1a-4281-8599-eed7a86080d0,https://ngk.wisski.cloud/contents/67b8a3db1f590
,39106bd0-1b5e-44b8-a98b-5260c596c220,https://ngk.wisski.cloud/contents/67b8a3db503c1
,d001454d-6bd5-4b00-847f-28e1eecd7a6a,https://ngk.wisski.cloud/contents/67b8a3db7c900
,c3143a71-d92c-4fd0-a7ec-856982f34b09,https://ngk.wisski.cloud/contents/67b8a3dbbd177
,dd9a57db-b6a1-4ed6-a8bf-60a4fe315dc8,https://ngk.wisski.cloud/contents/67b8a3dc0211b
,19d0587b-79d6-49a4-96e7-4bfc04da5385,https://ngk.wisski.cloud/contents/67b8a3dc41f1b
,159d8710-c393-4768-8c35-ca24407d0574,https://ngk.wisski.cloud/contents/67b8a3dc757fd
,4b03545e-8f33-4b25-bc54-67f6338a8a61,https://ngk.wisski.cloud/contents/67b8a3dca9df6
,a5156866-61bc-4a2a-8725-8e81f8ce3e30,https://ngk.wisski.cloud/contents/67b8a3dcdd512
,77ea05a8-2dd8-4f41-af5d-4aa0a3d9ed75,https://ngk.wisski.cloud/contents/67b8a3dd1c6c4
,1c4885d4-f9ff-4bee-b04e-0ab0dd0e8d4d,https://ngk.wisski.cloud/contents/67b8a3dd4c18d
,e3241383-f7da-451b-b2c2-66f7ad0bac99,https://ngk.wisski.cloud/contents/67b8a3dd7c449
,c9553afa-ac54-45db-bcd2-a27bfade3df5,https://ngk.wisski.cloud/contents/67b8a3ddaf996
,50392a82-5361-4cb9-95fb-b8afb030c3c2,https://ngk.wisski.cloud/contents/67b8a3dde4acd
,b1215f1c-55f8-4c0a-a1b1-a3fde977c5e5,https://ngk.wisski.cloud/contents/67b8a3de1f82e
,55231ccf-f0c4-408a-9dd6-c4e7df1d0b79,https://ngk.wisski.cloud/contents/67b8a3de4e123
,c2216d24-8bff-42d1-abf1-a5304230771a,https://ngk.wisski.cloud/contents/67b8a3de813e5
,bb581da4-129d-46d9-b5c9-bfc0f72f731b,https://ngk.wisski.cloud/contents/67b8a3deb5fb6
,53f16339-ca52-4aea-b429-0947aae0156e,https://ngk.wisski.cloud/contents/67b8a3deef066
,60e2a3c5-0cbd-415e-974a-80d2d4764246,https://ngk.wisski.cloud/contents/67b8a3df2c068
,c9e1428c-9059-4fa1-86b4-650f35d887a8,https://ngk.wisski.cloud/contents/67b8a3df5ff0a
,145ae795-afae-413b-97b0-07197857120b,https://ngk.wisski.cloud/contents/67b8a3df929fd
,7a512d56-5dce-449a-a4da-e688550eca39,https://ngk.wisski.cloud/contents/67b8a3dfc28aa
,2d977fb0-bb1a-43da-9f38-a722a5f7596a,https://ngk.wisski.cloud/contents/67b8a3e001df5
,10dc6656-e046-456b-b102-01b1f40af814,https://ngk.wisski.cloud/contents/67b8a3e02bdc1
,c1a7762c-b22c-46e3-b437-78c4efc33ea3,https://ngk.wisski.cloud/contents/67b8a3e055521
,f46c52d2-7378-4b20-8ba0-39d77aa7c58c,https://ngk.wisski.cloud/contents/67b8a3e07e65d
,649655b3-588f-405a-92f8-f4c5309ba18f,https://ngk.wisski.cloud/contents/67b8a3e0a7cc7
,cd393d8c-2701-451c-b497-27328c19663d,https://ngk.wisski.cloud/contents/67b8a3e0d22bb
,e5f8a8a9-762f-493f-8644-6f0823a59582,https://ngk.wisski.cloud/contents/67b8a3e1088b7
,e76632da-81b6-4a52-96c0-331bbc65f781,https://ngk.wisski.cloud/contents/67b8a3e132489
,562eefc6-52a8-4c57-aff5-7fd7fc539678,https://ngk.wisski.cloud/contents/67b8a3e16557a
,9833e958-2b5a-47e5-9a8f-37213e062d54,https://ngk.wisski.cloud/contents/67b8a3e19095f
,756a79be-e49f-47c5-9762-d3f112b49210,https://ngk.wisski.cloud/contents/67b8a3e1bb236
,895fd7ce-15c9-49d3-a9ae-ab996159d204,https://ngk.wisski.cloud/contents/67b8a3e1e64a1
,c3a613a7-b498-4774-9269-a5e9492daad4,https://ngk.wisski.cloud/contents/67b8a3e21d756
,0422c54f-f0e6-44ed-9a06-84dfa9fff7fe,https://ngk.wisski.cloud/contents/67b8a3e24f8ef
,19d8897a-d57f-4787-bcff-3648c870f57e,https://ngk.wisski.cloud/contents/67b8a3e282536
,88e84fc8-6f21-4753-87bc-df8d806552f5,https://ngk.wisski.cloud/contents/67b8a3e2abcef
,7f30fde7-55f0-42df-8ea1-582472f6b3a2,https://ngk.wisski.cloud/contents/67b8a3e2d78e8
,31a14542-6a28-4185-9c57-3c0f35cde07a,https://ngk.wisski.cloud/contents/67b8a3e30efb0
,a75ad20b-c29a-48d3-9638-0b52a899d981,https://ngk.wisski.cloud/contents/67b8a3e338b16
,4d383584-00b8-468f-88b7-6fdf1bd6c4ba,https://ngk.wisski.cloud/contents/67b8a3e365731
,8ea424e2-1fea-4af0-a52b-606a72c0d230,https://ngk.wisski.cloud/contents/67b8a3e391d55
,89065c5e-ee0f-4c54-b5eb-4a5b4baad30a,https://ngk.wisski.cloud/contents/67b8a3e3bc63e
,9c001bd5-3965-4725-8f8d-5f057c58d398,https://ngk.wisski.cloud/contents/67b8a3e3eade9
,55d6e443-baf1-4aa3-8eba-997892ab3fe4,https://ngk.wisski.cloud/contents/67b8a3e426bb5
,a4ac2eda-39f4-447e-9172-b7046cd9679a,https://ngk.wisski.cloud/contents/67b8a3e459896
,fc56bbec-66ac-4716-8c2c-617fdb66bc9e,https://ngk.wisski.cloud/contents/67b8a3e48a3c2
,5e992f03-7e0d-4679-aeb3-5583e7979745,https://ngk.wisski.cloud/contents/67b8a3e4b6ca7
,042c377a-06b5-4d2b-8ebf-16da63e8ba35,https://ngk.wisski.cloud/contents/67b8a3e4e6d9b
,ac0d5fa8-f6d8-4a74-90bc-00aa195b347f,https://ngk.wisski.cloud/contents/67b8a3e5235bd
,2f1c0d02-1f4d-436c-82f6-5bf75740d250,https://ngk.wisski.cloud/contents/67b8a3e55536f
,ab5fe917-c163-4395-98d0-6b6bad0c1c2e,https://ngk.wisski.cloud/contents/67b8a3e584091
,ff947a22-8879-4be9-9316-d4b387275dc3,https://ngk.wisski.cloud/contents/67b8a3e5b2ef1
,22414087-a2b8-4cf8-b695-e3d4ff03f046,https://ngk.wisski.cloud/contents/67b8a3e5e9555
,a0ee1ca3-47bc-42a6-bc7e-84a421616651,https://ngk.wisski.cloud/contents/67b8a3e626bd8
,05457ccb-e5d7-470b-be93-757c166dc6e7,https://ngk.wisski.cloud/contents/67b8a3e65618e
,930f2fab-fea0-47b5-8d23-9bbe5cc7c131,https://ngk.wisski.cloud/contents/67b8a3e68a2b3
,6491ba11-312e-463a-84ec-bf94e8fe02a3,https://ngk.wisski.cloud/contents/67b8a3e6bbba1
,e0581b4e-f8e6-4371-9326-5aa54d6656f8,https://ngk.wisski.cloud/contents/67b8a3e6eb16f
,b8717ba3-c2e1-411a-88b9-2ce97cca55b5,https://ngk.wisski.cloud/contents/67b8a3e721cf2
,914e6948-ab8b-4525-a213-0e22a72efde1,https://ngk.wisski.cloud/contents/67b8a3e7524f2
,57404f59-4e52-45e5-8cdc-bf7bf6d309d9,https://ngk.wisski.cloud/contents/67b8a3e7866e2
,c88fed47-2db3-409c-804a-b1421ae397c9,https://ngk.wisski.cloud/contents/67b8a3e7b5e4c
,9810bc7c-0e51-4bc2-88b0-06ffc65d1cf2,https://ngk.wisski.cloud/contents/67b8a3e7e98cc
,ca1e6666-25ee-484c-b7b4-323f172ba24a,https://ngk.wisski.cloud/contents/67b8a3e826322
,1dda38e9-9ffc-42c8-a1ee-a11f6b75f815,https://ngk.wisski.cloud/contents/67b8a3e8511f2
,55d72d8e-586a-426b-b3c6-831e5f60055a,https://ngk.wisski.cloud/contents/67b8a3e87f444
,de8af831-6fce-4e69-a3b8-173c7f76ad4b,https://ngk.wisski.cloud/contents/67b8a3e8b26f2
,f624cab2-80ab-477d-ab38-bf4048fd1254,https://ngk.wisski.cloud/contents/67b8a3e8e527d
,fd2edbe3-6b68-43f5-bd25-2bb04da062e4,https://ngk.wisski.cloud/contents/67b8a3e9229c3
,7f14db6c-15a4-404b-8738-772b5993b334,https://ngk.wisski.cloud/contents/67b8a3e9557d6
,1ed45765-359b-443a-ae7b-f26b52b2bf69,https://ngk.wisski.cloud/contents/67b8a3e98cd7f
,9cbbd39b-b88b-4046-bef7-777c09b00f8a,https://ngk.wisski.cloud/contents/67b8a3e9c00de
,4434359a-db31-449e-b2ea-68a5353e382e,https://ngk.wisski.cloud/contents/67b8a3e9ecd5d
,ea3f6ab7-b03d-4e18-bbb1-644b11f615c9,https://ngk.wisski.cloud/contents/67b8a3ea337b3
,27359818-2a62-4944-aa55-26649884b2ab,https://ngk.wisski.cloud/contents/67b8a3ea652ab
,fee12f1c-7465-4940-8533-7f6804ac3186,https://ngk.wisski.cloud/contents/67b8a3ea924a5
,7c52a0c4-6380-476b-b9fb-15daf3baafc4,https://ngk.wisski.cloud/contents/67b8a3eac88ef
,3288f5af-c1e2-4384-a708-6f848339e273,https://ngk.wisski.cloud/contents/67b8a3eb08c39
,78b3d68c-0dfc-4c33-9185-1aeb79e677a3,https://ngk.wisski.cloud/contents/67b8a3eb38cef
,ec67b596-489b-4a6c-940d-d7de142e796f,https://ngk.wisski.cloud/contents/67b8a3eb6ac45
,3919c869-e491-4bff-a961-89450641cd7a,https://ngk.wisski.cloud/contents/67b8a3eb99873
,359d5111-8a6f-472e-82f6-36e4ed554c60,https://ngk.wisski.cloud/contents/67b8a3ebcd71b
,ae942d2f-9085-4b5b-8266-8b14780c354a,https://ngk.wisski.cloud/contents/67b8a3ec0c79c
,99e81d1c-f9c9-463b-a663-0206e441c841,https://ngk.wisski.cloud/contents/67b8a3ec3fd0c
,04e12aac-dce7-4ea4-a565-25e7266ea501,https://ngk.wisski.cloud/contents/67b8a3ec776ef
,4ec88870-e687-46ad-b22c-80362c5df2c5,https://ngk.wisski.cloud/contents/67b8a3ecaa242
,2462b257-0ff0-4ec4-81cd-bd30e3779bfa,https://ngk.wisski.cloud/contents/67b8a3ecdd1ac
,bde01451-4d6a-4360-ba2f-85bb5da93d59,https://ngk.wisski.cloud/contents/67b8a3ed25502
,60a6d903-53c2-4e22-aa78-212b05e3a3fb,https://ngk.wisski.cloud/contents/67b8a3ed53767
,397cd6de-4121-4031-8833-0b0024e80363,https://ngk.wisski.cloud/contents/67b8a3ed8489c
,b7f2a0de-2e89-4053-9225-e362118cdd82,https://ngk.wisski.cloud/contents/67b8a3edb0055
,50d7fa3e-3454-41cb-8487-55fae658beb7,https://ngk.wisski.cloud/contents/67b8a3edddbac
,37b52c80-4f43-492d-9773-e3907d63a4a8,https://ngk.wisski.cloud/contents/67b8a3ee150ab
,2968bac1-818a-442c-8ca6-d697dd6ba82c,https://ngk.wisski.cloud/contents/67b8a3ee3e5ef
,0c153295-f0d9-4b3b-b2f7-2a5ddc9bd9b7,https://ngk.wisski.cloud/contents/67b8a3ee73852
,6ec7023a-8d44-41c7-a27e-9e8a825507d5,https://ngk.wisski.cloud/contents/67b8a3eea42d8
,48f22143-5394-49ac-8e40-27614da0309f,https://ngk.wisski.cloud/contents/67b8a3eeda4fe
,0596de44-9468-4019-95fd-e9bfeeaf55d0,https://ngk.wisski.cloud/contents/67b8a3ef10c1f
,fd5c926e-ea22-4675-b8f4-1136c71a87d6,https://ngk.wisski.cloud/contents/67b8a3ef43b80
,9a0debe5-1507-4100-9895-b17a78484e0f,https://ngk.wisski.cloud/contents/67b8a3ef7478c
,1d6698e2-8980-450b-a79e-4f7185152611,https://ngk.wisski.cloud/contents/67b8a3ef9dde6
,b121a830-cef6-4819-9ec7-2628a1d24bc0,https://ngk.wisski.cloud/contents/67b8a3efcf0ea
,f57015e7-f974-4799-b0b0-4db9fd5268a0,https://ngk.wisski.cloud/contents/67b8a3f00365e
,1d73aca9-6b4a-459b-99f5-fd9e3d73c0c5,https://ngk.wisski.cloud/contents/67b8a3f031e4e
,3b54f260-d939-4180-b9b2-d059729bc624,https://ngk.wisski.cloud/contents/67b8a3f065fe5
,cb00903d-26c8-4b9e-b1ba-f13adf6329c5,https://ngk.wisski.cloud/contents/67b8a3f099a76
,da966a62-27f4-4411-915d-ee12981fb0a3,https://ngk.wisski.cloud/contents/67b8a3f0d4273
,66633e35-aaaf-40cc-a6b7-216edc838e74,https://ngk.wisski.cloud/contents/67b8a3f10b922
,801cfb7c-fc92-4486-a872-233046d90046,https://ngk.wisski.cloud/contents/67b8a3f139d3f
,006aba69-ba25-4431-8567-85ed5388394f,https://ngk.wisski.cloud/contents/67b8a3f1662ac
,0382a75c-1f9e-4a07-9105-aaceff616b1e,https://ngk.wisski.cloud/contents/67b8a3f1abb46
,f46d37cd-25b0-49e8-a119-18d30ea3f6d3,https://ngk.wisski.cloud/contents/67b8a3f1e34f8
,c4c5fc88-edb8-4fae-bfc6-d81f03f1fd0c,https://ngk.wisski.cloud/contents/67b8a3f223264
,f62ceade-a263-4d26-9ab0-971439ee1b93,https://ngk.wisski.cloud/contents/67b8a3f252f5f
,7159e546-0466-4b85-8326-e1bd44213c85,https://ngk.wisski.cloud/contents/67b8a3f289537
,0e36a5e8-c0f4-4df8-9fed-ef0f3a28114f,https://ngk.wisski.cloud/contents/67b8a3f2ba717
,17ba1157-c62d-4c62-a1f2-4aaa21ee1b61,https://ngk.wisski.cloud/contents/67b8a3f2e18ee
,55895b46-0edc-4511-bb1e-f5e55d2d4786,https://ngk.wisski.cloud/contents/67b8a3f3158d5
,7aa68a57-6546-4508-8ec0-bb5dc56f32f5,https://ngk.wisski.cloud/contents/67b8a3f344860
,b4518f9b-ccef-45b6-b696-7afb8068804e,https://ngk.wisski.cloud/contents/67b8a3f37c991
,0eca3a79-4bb1-41db-a378-1cc9e00afb54,https://ngk.wisski.cloud/contents/67b8a3f3b3b40
,8499c2b4-6a0e-49cc-ac3a-ae187e910843,https://ngk.wisski.cloud/contents/67b8a3f3e8bfe
,ed2c8546-4915-47b0-8d17-720c7c4a7d98,https://ngk.wisski.cloud/contents/67b8a3f424fd4
,a2332815-2888-4b56-a46e-ebf76914abce,https://ngk.wisski.cloud/contents/67b8a3f45733e
,9045d9c0-87d3-4aa9-9043-4257f64cb814,https://ngk.wisski.cloud/contents/67b8a3f488eda
,33b3f873-992f-4156-a070-23ac25c29bde,https://ngk.wisski.cloud/contents/67b8a3f4b9f85
,a67e8c00-189e-4076-b631-4c755847ad82,https://ngk.wisski.cloud/contents/67b8a3f4e7980
,ec3ecb77-83d5-4ad0-84a3-39bb6179dc2d,https://ngk.wisski.cloud/contents/67b8a3f527c27
,f097943c-97fd-47d7-8055-2b4e315d716b,https://ngk.wisski.cloud/contents/67b8a3f5523f6
,3b8f997f-5b0d-4abc-ac1e-e541053956f4,https://ngk.wisski.cloud/contents/67b8a3f58a5d0
,40c0afa8-2887-4c20-9dd1-66ac40f07787,https://ngk.wisski.cloud/contents/67b8a3f5bba1b
,3004ffad-4cf4-48c7-8c8a-fcd978730e10,https://ngk.wisski.cloud/contents/67b8a3f5e9989
,547aac81-d58a-4bf2-a027-7384afbb295e,https://ngk.wisski.cloud/contents/67b8a3f624f86
,c0e8648e-c52d-4e05-9c76-165be6b723fa,https://ngk.wisski.cloud/contents/67b8a3f65816e
,f7c7b6bf-e010-473e-ae98-929dca606afe,https://ngk.wisski.cloud/contents/67b8a3f687b97
,4fb11767-3799-4e3c-ae72-41bd2bb5e277,https://ngk.wisski.cloud/contents/67b8a3f6b01ce
,395015fd-9629-478c-a628-0edcd981e94c,https://ngk.wisski.cloud/contents/67b8a3f6dc711
,8543c0e7-c101-41d3-ae99-d723bfc6bf6d,https://ngk.wisski.cloud/contents/67b8a3f71715e
,0eedca43-41ea-4f4e-a104-9ae4626d4dff,https://ngk.wisski.cloud/contents/67b8a3f744443
,03b07d92-20db-4214-829d-c6ed30547a8d,https://ngk.wisski.cloud/contents/67b8a3f770813
,e88f31f1-fce9-4796-9c8c-9d9eeb668072,https://ngk.wisski.cloud/contents/67b8a3f79e253
,8828091c-2042-4a19-ab51-e94f9439ab42,https://ngk.wisski.cloud/contents/67b8a3f7c63dd
,626a1a27-a799-42d7-b613-ea386e3bb8fc,https://ngk.wisski.cloud/contents/67b8a3f803841
,8d5b81ee-b83c-4862-8883-3ace45f00eed,https://ngk.wisski.cloud/contents/67b8a3f837e4c
,b92a7f69-7880-4412-beb7-27e7f28cd730,https://ngk.wisski.cloud/contents/67b8a3f87267e
,01375c93-2728-4fd7-94a1-62fb1c359924,https://ngk.wisski.cloud/contents/67b8a3f8aae47
,adfcef0f-78ad-4f37-9e39-e9c79de8d9e1,https://ngk.wisski.cloud/contents/67b8a3f8e4a11
,1442b0d4-aa99-458b-aece-bb1fcfe4bd06,https://ngk.wisski.cloud/contents/67b8a3f92709b
,cfe884d8-2d5f-4ad5-80a5-3c0ffb95cb24,https://ngk.wisski.cloud/contents/67b8a3f9542ea
,3afdce6e-05d5-4e7b-8270-98270ac9aeac,https://ngk.wisski.cloud/contents/67b8a3f98a052
,628a8e76-e3fd-41a0-835c-a8789cab6fa9,https://ngk.wisski.cloud/contents/67b8a3f9bb0f9
,90e8ebc9-d8d9-4dcf-9256-d57d7ad30e58,https://ngk.wisski.cloud/contents/67b8a3f9eb73d
,355d7480-fcb5-4ef9-8c0f-2ab2c855297d,https://ngk.wisski.cloud/contents/67b8a3fa29e2f
,9a64f1be-77b3-4d70-ab8a-e780a1ac1fb1,https://ngk.wisski.cloud/contents/67b8a3fa635de
,2c7be410-ebdf-4c21-8ba8-f2e6ae278b9b,https://ngk.wisski.cloud/contents/67b8a3fa95bd8
,84d4d162-fb48-47ea-bf0e-a05f48528277,https://ngk.wisski.cloud/contents/67b8a3fac5028
,4f6084dc-9eca-4a39-a5d7-a4880e06d813,https://ngk.wisski.cloud/contents/67b8a3fb04160
,798ad2f8-03f5-4f94-9dde-0856d235541a,https://ngk.wisski.cloud/contents/67b8a3fb2e3c5
,54e15cb7-d1fc-4192-83a3-f83b6495ee41,https://ngk.wisski.cloud/contents/67b8a3fb68595
,ec1cd9f1-41f5-4cb0-ae70-869a6ced5877,https://ngk.wisski.cloud/contents/67b8a3fb9ae5b
,d8cba0c5-57f0-4b29-af50-cdcf1293e798,https://ngk.wisski.cloud/contents/67b8a3fbd0faa
,7d77b00f-26bf-4a42-8142-7665d3dd9a7b,https://ngk.wisski.cloud/contents/67b8a3fc0b540
,2516c0e8-51d1-4dc5-a2ea-be04b11906d4,https://ngk.wisski.cloud/contents/67b8a3fc3db77
,a1752bec-7a7e-44d2-a90e-e3ea2c542c7f,https://ngk.wisski.cloud/contents/67b8a3fc70212
,b0241ec8-cb69-4306-b684-c36d5ec79a47,https://ngk.wisski.cloud/contents/67b8a3fc9db28
,0ff4897c-fe84-4051-b57e-8a544a873c0c,https://ngk.wisski.cloud/contents/67b8a3fcd1a6c
,cc02065b-ddc0-4ebe-a8ae-9b54be970fbd,https://ngk.wisski.cloud/contents/67b8a3fd15b29
,2659d432-9f06-4259-9ba2-36aa48b2ca90,https://ngk.wisski.cloud/contents/67b8a3fd4e01e
,9004dc2f-6753-478b-af17-6be02a157f8d,https://ngk.wisski.cloud/contents/67b8a3fd7e635
,bfd4e5c3-428e-46bd-b3dd-25793e43195b,https://ngk.wisski.cloud/contents/67b8a3fdb0375
,1c655780-aed7-44cf-8d31-8b3f8112fd6b,https://ngk.wisski.cloud/contents/67b8a3fde1060
,e4e6bd43-7979-4c62-b2b3-f221405cb1f6,https://ngk.wisski.cloud/contents/67b8a3fe28527
,709c2f4a-c4e4-4db9-a3e7-d4a2c9b00f40,https://ngk.wisski.cloud/contents/67b8a3fe5dcd7
,86f64113-67ef-47de-9cf0-d838955659b2,https://ngk.wisski.cloud/contents/67b8a3fe93aeb
,aac0e8aa-9467-4ce9-98a5-fec553de3b25,https://ngk.wisski.cloud/contents/67b8a3fecb30a
,fe0bc0bb-6839-42d4-ac2a-621ca5714d6d,https://ngk.wisski.cloud/contents/67b8a3ff0e2ba
,28dc498b-5b95-42c9-9be2-b5fdc574dd81,https://ngk.wisski.cloud/contents/67b8a3ff44675
,1a25948e-e9f8-4f41-a46b-89e3a56a70a4,https://ngk.wisski.cloud/contents/67b8a3ff6fb2d
,1e1937e5-6779-47bd-8869-1399a98591c4,https://ngk.wisski.cloud/contents/67b8a3ff9768b
,f00c3acf-6355-452a-8738-c8d675eb87c0,https://ngk.wisski.cloud/contents/67b8a3ffbecd9
,4e5fb055-75a7-4080-8960-eda7f1a93782,https://ngk.wisski.cloud/contents/67b8a3ffee594
,6ba88de9-6be0-4094-9c83-f112f6eae77c,https://ngk.wisski.cloud/contents/67b8a4002b710
,fbaa0b7e-deb8-4cbc-9bb0-55a5d169a713,https://ngk.wisski.cloud/contents/67b8a4005c6cd
,45144739-c40c-4597-96f4-7ee0165ec750,https://ngk.wisski.cloud/contents/67b8a4008c388
,c14f0598-eae3-4722-8a49-14194c59fc11,https://ngk.wisski.cloud/contents/67b8a400bb878
,e7443eae-3581-45a2-bd69-9b164e369e60,https://ngk.wisski.cloud/contents/67b8a400e3d2b
,44df22a1-9f66-462e-8bc8-b9d750224ff3,https://ngk.wisski.cloud/contents/67b8a40117c92
,ced99c08-7332-48d2-9a7d-ab5fd0b700a7,https://ngk.wisski.cloud/contents/67b8a40141124
,8e7a3d42-ea14-48e9-a7b6-ee23b552bc72,https://ngk.wisski.cloud/contents/67b8a4016bb25
,c84bb7ad-118a-4cda-9feb-0601fa27a39e,https://ngk.wisski.cloud/contents/67b8a40196397
,83cb13d2-969c-45dd-a710-b56fee686f71,https://ngk.wisski.cloud/contents/67b8a401bf4a0
,f69bc63f-27fc-40af-bb1f-f57b697303d4,https://ngk.wisski.cloud/contents/67b8a401e7c7e
,327d4169-3c78-4d46-beb0-00ea9bf7cf8f,https://ngk.wisski.cloud/contents/67b8a4021b98b
,5d459aa0-6c2b-4dd4-9735-4fe6adb84336,https://ngk.wisski.cloud/contents/67b8a4025490e
,006f1554-5577-47e0-ab8d-48d64dfec924,https://ngk.wisski.cloud/contents/67b8a402c8512
,464e3f2c-a2be-4b31-8e22-f0a011f3ab7e,https://ngk.wisski.cloud/contents/67b8a4033cf39
,a70eee3a-ac9d-4de4-b828-db1bc1b26cef,https://ngk.wisski.cloud/contents/67b8a40389af3
,400144c7-d1fb-48d7-9c5f-3e74ce9adfe1,https://ngk.wisski.cloud/contents/67b8a40401c3f
,224463aa-c657-4fd7-abe6-435571dc6b9a,https://ngk.wisski.cloud/contents/67b8a404aceb0
,6096bed2-180d-4b52-b5ef-208603202faa,https://ngk.wisski.cloud/contents/67b8a40674c31
,b3e37d07-9eff-4cd1-91c1-b61713e3e2c3,https://ngk.wisski.cloud/contents/67b8a40824c34
,38804be9-9a83-4b53-a142-ff483383cb62,https://ngk.wisski.cloud/contents/67b8a4099ab61
,09525df0-611d-439b-a56e-bef95cf2b268,https://ngk.wisski.cloud/contents/67b8a40a0334f
,0cf4bb14-6333-485f-bfcc-b007bcd5ce30,https://ngk.wisski.cloud/contents/67b8a40a666ba
,54919a45-ddd1-4366-89e0-62977704d4a1,https://ngk.wisski.cloud/contents/67b8a40ab6a75
,57da6f31-53b2-45f2-8bd4-981af5368c25,https://ngk.wisski.cloud/contents/67b8a40b1242b
,1c962216-55d5-4b3c-9231-995c9e2062f3,https://ngk.wisski.cloud/contents/67b8a40b5179e
,6238c306-42db-4aa4-b95d-1feca820dda7,https://ngk.wisski.cloud/contents/67b8a40b7cec3
,a3b3cbca-519c-47ad-b239-1751995cf850,https://ngk.wisski.cloud/contents/67b8a40babdb6
,48fefb54-bbaf-4361-adfa-7dcfdb723539,https://ngk.wisski.cloud/contents/67b8a40be0f2f
,f4e5c8c8-f03a-4bbe-b824-819c6982cb3a,https://ngk.wisski.cloud/contents/67b8a40c2c0ca
,40e6c616-cd40-46b4-b875-86ce86cbf054,https://ngk.wisski.cloud/contents/67b8a40c65094
,1d82c2bb-c294-43de-90f9-1794de44fbf7,https://ngk.wisski.cloud/contents/67b8a40c9450b
,3bdecd6c-636a-40e7-a71f-9dcccf43b3bf,https://ngk.wisski.cloud/contents/67b8a40cc4bf0
,82a1a3df-02f8-4f1f-a1b4-f81be2b55f95,https://ngk.wisski.cloud/contents/67b8a40ced936
,09e25ff5-bc1f-4afd-853a-bceee1c0732e,https://ngk.wisski.cloud/contents/67b8a40d2a26c
,070a26ed-ea5e-4dd1-a649-7302eadf7d1c,https://ngk.wisski.cloud/contents/67b8a40d56c4b
,0a1fd30e-9018-4df8-ac80-50c217212abb,https://ngk.wisski.cloud/contents/67b8a40d7e99b
,4d152660-1743-4be5-b85c-07da52993016,https://ngk.wisski.cloud/contents/67b8a40dac322
,072bc4d6-e531-4e18-b8d0-7bf1867b814c,https://ngk.wisski.cloud/contents/67b8a40dd75f8
,44babf5a-3ee1-4737-9027-30ac7eaab86d,https://ngk.wisski.cloud/contents/67b8a40e0e0c5
,1d6dedcb-e7e2-471c-83a8-af627396e1c1,https://ngk.wisski.cloud/contents/67b8a40e3e810
,d6a3f527-8a1a-44de-9464-6bfda2b05cb4,https://ngk.wisski.cloud/contents/67b8a40e6ce1f
,7f8644cb-a071-4061-b1ca-ec2f0bbf16e8,https://ngk.wisski.cloud/contents/67b8a40e9de15
,a96bb072-3128-4548-bcce-948eac1e2505,https://ngk.wisski.cloud/contents/67b8a40ed2442
,95353bb8-ebeb-4b01-a2d1-69830e63d7dc,https://ngk.wisski.cloud/contents/67b8a40f14bae
,9a4fa45d-dea3-4971-9484-8ff3c3503995,https://ngk.wisski.cloud/contents/67b8a40f4e587
,a49e2373-46be-4537-8ff0-4da6c4af8130,https://ngk.wisski.cloud/contents/67b8a40f7e399
,bebbc4c8-0ace-402f-a864-b709d2ec2fde,https://ngk.wisski.cloud/contents/67b8a40fb1b39
,83305ad2-057c-491b-8207-24beebec6761,https://ngk.wisski.cloud/contents/67b8a40fe445d
,b9b6e3df-c852-46a6-be26-d0cdb632f043,https://ngk.wisski.cloud/contents/67b8a41025307
,c04b3f02-480d-4356-bc47-d85f28a1fd5b,https://ngk.wisski.cloud/contents/67b8a4105468a
,d2a27ad2-ade0-4926-99f3-07c7a861e170,https://ngk.wisski.cloud/contents/67b8a41089360
,2b86e1a6-f1f5-4b1f-ad3d-0047d7900438,https://ngk.wisski.cloud/contents/67b8a410c50f8
,25dd6191-56ba-4bff-b964-4a376cb292fa,https://ngk.wisski.cloud/contents/67b8a41108522
,c6960a1f-cdfa-465c-b4c6-e1f93cc57a51,https://ngk.wisski.cloud/contents/67b8a411373bf
,4d5cabf8-f067-4db3-91b5-c016abfb69cb,https://ngk.wisski.cloud/contents/67b8a4116997c
,8995c8fb-7bf0-44db-838f-ca87554217ea,https://ngk.wisski.cloud/contents/67b8a411975b8
,88838a24-b455-4f46-8dde-b9fe3af83494,https://ngk.wisski.cloud/contents/67b8a411c82b8
,abd9d7c6-c323-433b-8651-f918d348788b,https://ngk.wisski.cloud/contents/67b8a41202d3b
,2b46c93f-e6fa-4659-8365-89c6ddc3e225,https://ngk.wisski.cloud/contents/67b8a4122c38f
,3505e85d-a4c5-4cb9-8aec-a7bfe63ec69f,https://ngk.wisski.cloud/contents/67b8a41255788
,176a550a-e8ce-4a26-857f-00c1c031605a,https://ngk.wisski.cloud/contents/67b8a412848d9
,09da9aab-0681-4628-a1d1-a647c3fd60eb,https://ngk.wisski.cloud/contents/67b8a412b5fca
,b39ccda3-fa91-4ec8-8269-c100fa133748,https://ngk.wisski.cloud/contents/67b8a412e4144
,33b3c6ce-8c5c-4a77-ba19-aeb89bac969a,https://ngk.wisski.cloud/contents/67b8a4131e838
,1cb51331-22ca-46bc-8e52-c5c1cd14edc9,https://ngk.wisski.cloud/contents/67b8a4134962f
,b745b27c-e589-41ba-81f5-a3c6549ff7d1,https://ngk.wisski.cloud/contents/67b8a41373648
,05369420-19c6-4cb2-bebf-cb5a5ce2e87f,https://ngk.wisski.cloud/contents/67b8a413a1f88
,5340edc2-9e53-4524-98db-6bf30f94dfc0,https://ngk.wisski.cloud/contents/67b8a413d1040
,2a57416b-5b13-4cd5-97be-7bef52e0163c,https://ngk.wisski.cloud/contents/67b8a4141401c
,f81a270b-8bcd-465f-8f48-5431486e77c5,https://ngk.wisski.cloud/contents/67b8a41448f8c
,6fc6ac6b-7bd4-4df9-9f58-a39df7f30127,https://ngk.wisski.cloud/contents/67b8a4147ca40
,abb0347f-6404-4e66-ae4f-8e4a3947ea65,https://ngk.wisski.cloud/contents/67b8a414c34bd
,a34bb110-7c47-404c-962f-0c9c4e17f58a,https://ngk.wisski.cloud/contents/67b8a41514b7d
,228b4780-487d-42f5-9af4-dbdaefdeb8e9,https://ngk.wisski.cloud/contents/67b8a41541a4f
,54197b5e-3ccd-4283-93e9-d275be1dd367,https://ngk.wisski.cloud/contents/67b8a41577f58
,59541707-f7c2-4d8c-af6c-d2e12facd1ab,https://ngk.wisski.cloud/contents/67b8a415a346b
,9d4a2ae8-cb4c-405d-a629-0a815db55846,https://ngk.wisski.cloud/contents/67b8a415d534d
,9b3d12a8-342a-41d0-945d-4da8e1fef811,https://ngk.wisski.cloud/contents/67b8a41614757
,c9f97923-2f0e-4d68-b22a-02cb840752b4,https://ngk.wisski.cloud/contents/67b8a41647ed7
,437d83e7-0331-4d20-87f0-0e43070ebf05,https://ngk.wisski.cloud/contents/67b8a4167ce1f
,c94c8a87-08d0-499a-b8c6-8c1cb29fa953,https://ngk.wisski.cloud/contents/67b8a416b45c0
,d73c1322-0789-4bfd-9c80-70754daffeb6,https://ngk.wisski.cloud/contents/67b8a416e50be
,408add52-8925-4161-997d-84cb0284821b,https://ngk.wisski.cloud/contents/67b8a41727e94
,ae447c2e-e968-4d70-9b50-ec013dd80184,https://ngk.wisski.cloud/contents/67b8a41758949
,ec17e15e-cc44-434b-922f-baf11d67dc59,https://ngk.wisski.cloud/contents/67b8a4178d2cc
,18d8a959-3cdb-453b-925e-b5ca5bdc7624,https://ngk.wisski.cloud/contents/67b8a417c2874
,94660b38-eda8-4d93-a973-891892e399ba,https://ngk.wisski.cloud/contents/67b8a41800b69
,e9b2ea8b-9560-47e3-b3a3-e27bb8e6a740,https://ngk.wisski.cloud/contents/67b8a4183a078
,694c781b-fdb6-42d2-b640-35583cf37656,https://ngk.wisski.cloud/contents/67b8a4186f156
,20e136d7-5932-43ee-9c7e-a897960264cf,https://ngk.wisski.cloud/contents/67b8a418a0bb8
,d60ac21e-064e-4baf-8ca5-c1c4bbe942f8,https://ngk.wisski.cloud/contents/67b8a418c931c
,7acc5e62-8577-4e86-af11-58139d67ae69,https://ngk.wisski.cloud/contents/67b8a418f3f16
,120f9c45-4857-49e1-9d1b-caee2abf21ab,https://ngk.wisski.cloud/contents/67b8a41932cf4
,ee655190-862e-4368-bddf-a9762f7a77f7,https://ngk.wisski.cloud/contents/67b8a419614ad
,0d1fe1e3-c168-4c1c-897f-a41e441e761e,https://ngk.wisski.cloud/contents/67b8a41993ff5
,a40c9b79-f515-48e6-b4ba-bc6ba525deef,https://ngk.wisski.cloud/contents/67b8a419c21a2
,b988ca43-4b09-4167-adc0-1d0639d473dd,https://ngk.wisski.cloud/contents/67b8a41a006ac
,d16c14ff-e235-4fec-a842-7fede33462d6,https://ngk.wisski.cloud/contents/67b8a41a2ed22
,03659e24-a74a-4361-9e24-488eb11f56e4,https://ngk.wisski.cloud/contents/67b8a41a5c3f4
,c867d280-55df-4020-bbb8-e38fa1c55b54,https://ngk.wisski.cloud/contents/67b8a41a87079
,8bba47f0-5408-45fc-8068-6005a1ddb6c7,https://ngk.wisski.cloud/contents/67b8a41ab5fe6
,00347b4b-5785-41ac-bd1a-3da2676af36b,https://ngk.wisski.cloud/contents/67b8a41ae27f2
,fb9ea3f9-34df-4dc2-827b-113e50c6b83b,https://ngk.wisski.cloud/contents/67b8a41b19d73
,164cebc2-f2da-43cd-ab49-659aef87e1a4,https://ngk.wisski.cloud/contents/67b8a41b49c71
,29cdbee6-935e-4558-8fc2-1e1c9d8f83a6,https://ngk.wisski.cloud/contents/67b8a41b7a961
,60572bee-556d-409c-b77b-46effea851d3,https://ngk.wisski.cloud/contents/67b8a41bacd13
,799d254d-f002-4ea3-832f-507b054aeba6,https://ngk.wisski.cloud/contents/67b8a41be49c5
,c4efc94e-173c-4cd0-969a-5051914d702f,https://ngk.wisski.cloud/contents/67b8a41c27b25
,6bed41af-ecec-4d5a-bf4c-9abdea535ccd,https://ngk.wisski.cloud/contents/67b8a41c608e0
,284e670f-d156-43c8-89fe-fee7ddf8910e,https://ngk.wisski.cloud/contents/67b8a41c937a2
,e4ab6e83-cffb-4047-a11a-0103070b48ec,https://ngk.wisski.cloud/contents/67b8a41cc0aa7
,dd79478c-23dd-4b48-9882-cd700f508363,https://ngk.wisski.cloud/contents/67b8a41ceb1de
,c893bd46-af5a-4ae8-9dd7-80fcbb02fb3a,https://ngk.wisski.cloud/contents/67b8a41d2655b
,16dc3b25-9cf1-4d42-aa3a-d37f7fed8177,https://ngk.wisski.cloud/contents/67b8a41d54389
,9b4b17e0-842f-4e92-b1ba-f0c8fcf9f88f,https://ngk.wisski.cloud/contents/67b8a41d80907
,037a8f46-6f37-4d0a-a7c0-c938bba6c2d4,https://ngk.wisski.cloud/contents/67b8a41db7666
,0cbb4ef0-73d7-47df-a3d2-e191853901ea,https://ngk.wisski.cloud/contents/67b8a41de7dcf
,19516001-f7ca-4d4d-a15a-cebf6b9665cc,https://ngk.wisski.cloud/contents/67b8a41e22341
,52760e03-2f6f-4dd4-bb27-ea9d5abe5aba,https://ngk.wisski.cloud/contents/67b8a41e4f90e
,724ded60-1d53-4f88-a622-661884a95f60,https://ngk.wisski.cloud/contents/67b8a41e809cf
,30aeeb7c-a96a-47c2-b496-f15165a61cb0,https://ngk.wisski.cloud/contents/67b8a41eb0294
,0d5d085a-64e1-4e26-96e9-609effb8b9af,https://ngk.wisski.cloud/contents/67b8a41ede3f5
,6b2024de-2a4a-4315-99b2-e0686f1529e8,https://ngk.wisski.cloud/contents/67b8a41f236fb
,7d53f6ac-2329-49a3-b37e-bd385eb82cce,https://ngk.wisski.cloud/contents/67b8a41f58071
,ee1fb8f6-c677-4085-b32d-ba40ae053d73,https://ngk.wisski.cloud/contents/67b8a41f94246
,373c76be-3a03-403a-bd7e-5cd8ed026529,https://ngk.wisski.cloud/contents/67b8a41fc23c9
,cb90722e-c4e3-43bb-ad79-145c2612c577,https://ngk.wisski.cloud/contents/67b8a42001802
,42b2b657-83d2-4fa8-ab57-4269f56a26cb,https://ngk.wisski.cloud/contents/67b8a42033ed7
,15582ba6-893c-49e9-9699-a7c7dfd4947b,https://ngk.wisski.cloud/contents/67b8a42066673
,fc677267-9174-4ee2-b10e-87cf0b202daa,https://ngk.wisski.cloud/contents/67b8a42097721
,3e4d361b-cdee-423d-9e7a-4b9c638b1284,https://ngk.wisski.cloud/contents/67b8a420c75dd
,2206fc35-7edd-44c9-8c96-77af844f419e,https://ngk.wisski.cloud/contents/67b8a420f136e
,0b7d0617-f8c8-4c32-8f24-a5a40df6b552,https://ngk.wisski.cloud/contents/67b8a4212ae6b
,863079bf-81c4-42b2-980e-d40b3e62cc3c,https://ngk.wisski.cloud/contents/67b8a4215be6d
,0ef2d55e-f084-4173-b91d-fc3676a78c30,https://ngk.wisski.cloud/contents/67b8a4218e52e
,d658b358-f728-4de4-9ed0-d6d67de3d002,https://ngk.wisski.cloud/contents/67b8a421c132c
,d2ba2959-c126-4284-9293-a9dab69bd28c,https://ngk.wisski.cloud/contents/67b8a421f31f8
,e6fff75e-a656-4418-b5c6-ad5900435ce7,https://ngk.wisski.cloud/contents/67b8a42229260
,0f75bcaa-020e-4ace-9ce4-752b644cfb63,https://ngk.wisski.cloud/contents/67b8a422516ce
,4df3b427-1c7f-4c1d-91c4-ccd6304d192a,https://ngk.wisski.cloud/contents/67b8a42279b00
,6d9db808-4c5f-4226-9337-5bf816e59a84,https://ngk.wisski.cloud/contents/67b8a422a88ec
,de27bc22-9669-481d-9b2a-6716d0c5eac3,https://ngk.wisski.cloud/contents/67b8a422db68f
,d6688823-13ab-4873-a1e6-0cf93e5d2c85,https://ngk.wisski.cloud/contents/67b8a4231bbc0
,657e3f8e-5c40-4c8b-9c59-6d903a58e83e,https://ngk.wisski.cloud/contents/67b8a4234dc2b
,008e0829-710e-438e-bb2b-cf53cc63913e,https://ngk.wisski.cloud/contents/67b8a423855f2
,7247df9f-3eac-41df-9242-4c691674a7c4,https://ngk.wisski.cloud/contents/67b8a423bc068
,3a74cb4b-44e6-4b29-8038-c29ede8ab650,https://ngk.wisski.cloud/contents/67b8a423f005b
,4ae20779-fb23-49ed-abfb-46fa51c1f17e,https://ngk.wisski.cloud/contents/67b8a4242c6cc
,c4cac22b-41ed-4d19-8589-0321d43d5d6b,https://ngk.wisski.cloud/contents/67b8a4245bf8d
,82b611b3-87e8-4657-ab8f-a23128de00b4,https://ngk.wisski.cloud/contents/67b8a4248ab67
,e4c3603a-afb5-4823-aff9-c3e6765094e2,https://ngk.wisski.cloud/contents/67b8a424ba659
,5f7b97dc-e602-4b1b-a40d-19737b934045,https://ngk.wisski.cloud/contents/67b8a424eb008
,8161a272-d7f8-44f3-982a-05264652783c,https://ngk.wisski.cloud/contents/67b8a4252bf79
,3bbae77e-7155-4e70-971d-d26099adfdff,https://ngk.wisski.cloud/contents/67b8a425681ec
,f3d65f83-941f-41af-8953-a46dde61a669,https://ngk.wisski.cloud/contents/67b8a425a6542
,0b110c8f-2d80-4909-9be2-fc9ebaf96134,https://ngk.wisski.cloud/contents/67b8a425dc4ce
,d1fcc9ea-5ee2-467b-af3f-6406017e4873,https://ngk.wisski.cloud/contents/67b8a426154ae
,116932b3-d89a-4ba1-9dd4-dc82786061f8,https://ngk.wisski.cloud/contents/67b8a4263fb07
,e963b53f-bc01-4cc9-80dc-0544e897d0f7,https://ngk.wisski.cloud/contents/67b8a4266adf5
,d689842c-2738-4e3e-87f7-8d7b364d4070,https://ngk.wisski.cloud/contents/67b8a42693ffa
,a8765f7a-2f11-4503-a3fc-71c408d0b608,https://ngk.wisski.cloud/contents/67b8a426bc8d4
,ed65b5db-b885-4124-a277-0060e1eae004,https://ngk.wisski.cloud/contents/67b8a426e4ef1
,81c90838-c719-4778-aab3-6a5aa22d0b07,https://ngk.wisski.cloud/contents/67b8a4271a4e7
,87d5b54b-5b99-4591-9294-718907615428,https://ngk.wisski.cloud/contents/67b8a4274bc8b
,6f3e1383-0b5c-452b-9c9e-9ce4f0b84566,https://ngk.wisski.cloud/contents/67b8a4277d422
,e7189fa3-8a1d-468f-ae26-d4f7b71da089,https://ngk.wisski.cloud/contents/67b8a427aba54
,7f6657c8-caa5-4c9d-b854-b276bf6cffe5,https://ngk.wisski.cloud/contents/67b8a427dcfd7
,e52ab7df-f03e-44f4-a4fb-7ecf8080da71,https://ngk.wisski.cloud/contents/67b8a428112d0
,bfb3eff6-ab64-41be-8317-310ae1eb9cd4,https://ngk.wisski.cloud/contents/67b8a4283954b
,b8680106-499e-4ef0-8a87-cb08aa8f8468,https://ngk.wisski.cloud/contents/67b8a4286214a
,ba2f7c3d-6087-459f-8a7a-689535a15737,https://ngk.wisski.cloud/contents/67b8a4288b215
,351ea620-2560-41c0-9367-93f244f5d7d7,https://ngk.wisski.cloud/contents/67b8a428b35a9
,0370656a-8662-4c15-9f03-40f429b219f9,https://ngk.wisski.cloud/contents/67b8a428d9a83
,82e6be03-01ee-4361-be63-5f41785e2fc7,https://ngk.wisski.cloud/contents/67b8a429134a9
,f31e95f6-1053-4be6-a2bf-6aca4c8d8f6d,https://ngk.wisski.cloud/contents/67b8a42938766
,32f20076-bfba-4061-9fa8-ede6185ce0d5,https://ngk.wisski.cloud/contents/67b8a4295f5da
,37a494ac-ff10-4e5f-b259-35f9fae2b10e,https://ngk.wisski.cloud/contents/67b8a42986f65
,c9ca7ad9-1f42-48d4-8bdd-3b6cd031307a,https://ngk.wisski.cloud/contents/67b8a429b5b7e
,7578c406-78dd-4181-b300-423c5ec99729,https://ngk.wisski.cloud/contents/67b8a429ea647
,5a07b0c7-f43b-4d2f-916b-546c5b72138b,https://ngk.wisski.cloud/contents/67b8a42a25932
,2b754ac3-6ac1-4347-9287-b990ee54aeb6,https://ngk.wisski.cloud/contents/67b8a42a547ef
,7ca8ba55-0c0b-408b-b711-8c41bda517b8,https://ngk.wisski.cloud/contents/67b8a42a7c6da
,3eaf0a4f-68f5-4619-add5-464e03526a5d,https://ngk.wisski.cloud/contents/67b8a42ab13c3
,90aee8a7-0fe1-4c55-8242-7782af6a5bf4,https://ngk.wisski.cloud/contents/67b8a42ae232d
,051defa5-21f5-4ca0-9578-496ebd99d2bf,https://ngk.wisski.cloud/contents/67b8a42b20ec0
,927c246c-140f-4aa8-a207-b46310c65b54,https://ngk.wisski.cloud/contents/67b8a42b4aefb
,49082eca-340b-4bf4-9dda-abed91412f72,https://ngk.wisski.cloud/contents/67b8a42b78d79
,23dec844-10eb-4716-b8c5-59e91a2aa6ec,https://ngk.wisski.cloud/contents/67b8a42ba5d2f
,b22dec0d-add5-43b1-81b0-48dcf2a7d391,https://ngk.wisski.cloud/contents/67b8a42bd3745
,0968ed0d-a8e1-4693-9410-3e2032d7ffe0,https://ngk.wisski.cloud/contents/67b8a42c06a88
,4aece6c8-bc98-43e7-977d-64f52877ddff,https://ngk.wisski.cloud/contents/67b8a42c363a7
,e2545883-e4d7-4c5c-8c49-eea63e1aaca3,https://ngk.wisski.cloud/contents/67b8a42c5eef5
,2ce87986-8087-4930-a279-71863f18f94d,https://ngk.wisski.cloud/contents/67b8a42c8dd2f
,186aa130-d2cb-47ef-beab-d9642edb5c39,https://ngk.wisski.cloud/contents/67b8a42cb511d
,861273e6-eeb2-40fc-88c0-03269319e08b,https://ngk.wisski.cloud/contents/67b8a42ce447e
,4e0fb1c0-4b50-460e-86a1-617f9222089e,https://ngk.wisski.cloud/contents/67b8a42d20476
,4a070845-2fb2-47b6-a04e-29e6faccfd1f,https://ngk.wisski.cloud/contents/67b8a42d4dd35
,0bb4eba9-4cdd-4051-bd54-93e77aae078b,https://ngk.wisski.cloud/contents/67b8a42d7e0e1
,d1a10aff-1dfe-49d1-8c29-af37b158c4b6,https://ngk.wisski.cloud/contents/67b8a42dab0ea
,37ec6c5a-7b79-44d4-8642-8ab95547653a,https://ngk.wisski.cloud/contents/67b8a42ddadd7
,0328d4c4-66df-45c2-babb-5303d6fa4dd6,https://ngk.wisski.cloud/contents/67b8a42e16e7f
,173617be-44cd-4d0b-9ecf-fa3684d836b8,https://ngk.wisski.cloud/contents/67b8a42e413ba
,78f85bbf-074e-47b6-a405-2fdf3a940423,https://ngk.wisski.cloud/contents/67b8a42e6f6b0
,c0d333b7-734a-4668-bbdc-c9607385be2d,https://ngk.wisski.cloud/contents/67b8a42e95b29
,e5c21a67-2598-4037-be82-b7b38fbcac08,https://ngk.wisski.cloud/contents/67b8a42ebf1f2
,5baf2a1d-2d90-4ffb-b25c-d95941076858,https://ngk.wisski.cloud/contents/67b8a42eeea94
,fc444846-8c57-45c8-b9f3-401f9dd0d397,https://ngk.wisski.cloud/contents/67b8a42f22f8a
,88ac968e-5486-4c95-9470-be06867092d3,https://ngk.wisski.cloud/contents/67b8a42f4ca94
,fe030f7b-afdd-44ed-99a2-fcaf3b616939,https://ngk.wisski.cloud/contents/67b8a42f74229
,9f859a1c-6f21-4086-94fb-9bd1fbb73dd6,https://ngk.wisski.cloud/contents/67b8a42f9ccdf
,65dad17a-d59e-4477-84ed-27f0aff4fada,https://ngk.wisski.cloud/contents/67b8a42fc3472
,e1be3d4b-fde7-4aaa-8298-45eccfe0065d,https://ngk.wisski.cloud/contents/67b8a42ff1575
,79750a58-46df-438b-9eef-af845c67d365,https://ngk.wisski.cloud/contents/67b8a4302d482
,866869bb-a1d8-407f-b2e7-935c2c1c84bd,https://ngk.wisski.cloud/contents/67b8a43056cfa
,32c88e30-bd7f-4848-bbf3-9c11d76ca527,https://ngk.wisski.cloud/contents/67b8a43087890
,23609aba-09be-40c4-aa5f-4569160e8627,https://ngk.wisski.cloud/contents/67b8a430be7ef
,c5438645-88d6-4ecf-bffc-83f4f6f7a0e5,https://ngk.wisski.cloud/contents/67b8a430ef5dd
,664fac3d-4f1e-4552-b344-5f5665ef747b,https://ngk.wisski.cloud/contents/67b8a4312a3af
,d0762de4-deed-4b80-b559-1a0b4f2d6805,https://ngk.wisski.cloud/contents/67b8a431524a8
,d72f38ad-292f-4f3e-8603-d2877b3da4c9,https://ngk.wisski.cloud/contents/67b8a43179e81
,bb02da2d-c832-44e1-a8cd-cb97de61c74a,https://ngk.wisski.cloud/contents/67b8a431a5ea8
,3f9d9696-7d6b-4e0c-a751-8694a61016dc,https://ngk.wisski.cloud/contents/67b8a431dc15d
,077e4855-1130-4b85-a99f-d66c9b368117,https://ngk.wisski.cloud/contents/67b8a43213215
,b1a890da-73c7-46aa-bf24-5ba3c229b140,https://ngk.wisski.cloud/contents/67b8a4324241f
,7050b0aa-3b17-41fa-b279-6584469e5ca3,https://ngk.wisski.cloud/contents/67b8a43269dfd
,b8a347ae-f7f6-499f-8429-1be9e66a227f,https://ngk.wisski.cloud/contents/67b8a4329ad9a
,c01535d3-6a6f-4ba6-91d0-dbe6677f364c,https://ngk.wisski.cloud/contents/67b8a432cd60e
