id,markId,uuid,uri
1,mar00899,0eab1b66-3962-40e1-a2ae-daed99f93397,https://ngk.wisski.cloud/contents/67b306ba57ba3
2,mar00989,646751c3-4eee-43b5-8d21-6b4b6535dd04,https://ngk.wisski.cloud/contents/67b306bc8f25a
3,mar00908,e856140e-d799-4fe5-8764-6e5edc6c68e8,https://ngk.wisski.cloud/contents/67b306bdc37b3
4,mar00979,00dc7672-9257-4d46-b875-cbc6edbdd83a,https://ngk.wisski.cloud/contents/67b306bfc1fbd
5,mar00858,c24af839-8863-45f6-8840-0d2adcf06191,https://ngk.wisski.cloud/contents/67b306c182655
6,mar00985,7e9a7f50-bd7a-497e-bd38-7bfe9ffaeeff,https://ngk.wisski.cloud/contents/67b306c32dc10
7,mar00962,095c5adc-357d-4790-a7cb-9869c8bc1ff7,https://ngk.wisski.cloud/contents/67b306c58914e
8,mar00894,8eadb22c-0a99-4633-9682-25473b9e5271,https://ngk.wisski.cloud/contents/67b306c859b1f
9,mar00960,2dc36276-93e5-47c9-8b8c-cc35e908aff2,https://ngk.wisski.cloud/contents/67b306ca203a1
10,mar00956,06acb018-52f9-45e6-9879-930f69ae7515,https://ngk.wisski.cloud/contents/67b306cbd5172
11,mar00852,d6fc1ae6-36d9-4af3-bd14-637b3ac3d6c9,https://ngk.wisski.cloud/contents/67b306cd6961c
12,mar00932,041a03dc-0d41-4a0e-ac31-b9d65521d8d3,https://ngk.wisski.cloud/contents/67b306cf4b6bc
13,mar00902,c9de160a-9136-4f3c-8475-7e1059f0ec10,https://ngk.wisski.cloud/contents/67b306d0c0699
14,mar00961,f58d2d6f-e749-4fde-b679-7d12d6331373,https://ngk.wisski.cloud/contents/67b306d2b9830
15,mar00953,85531f12-b9c2-40b6-a9f1-6cb22d296bf6,https://ngk.wisski.cloud/contents/67b306d470503
16,mar00887,457661ca-d485-46d2-a8ef-94945d63458a,https://ngk.wisski.cloud/contents/67b306d60becb
17,mar00849,d1361d54-2701-4d13-85a4-21bcacde0f6c,https://ngk.wisski.cloud/contents/67b306d7420ca
18,mar00976,4861d9a4-8748-4017-86b6-de2aeb738b33,https://ngk.wisski.cloud/contents/67b306d8e899b
19,mar00891,ce35d340-a73e-43bb-b5cc-a1f89e391c89,https://ngk.wisski.cloud/contents/67b306da14e71
20,mar00977,85e6aca0-fc9b-44bd-9ecd-314ed1a1e08c,https://ngk.wisski.cloud/contents/67b306dbbe4a4
21,mar00948,a18c4fc7-460a-4e23-a2cc-21cd0255b9a1,https://ngk.wisski.cloud/contents/67b306de1f8ba
22,mar00892,c3fa6956-ab98-4d4b-8f34-3873a30b17f9,https://ngk.wisski.cloud/contents/67b306dfafe22
23,mar00983,69cc5259-3c7b-4ac0-82ee-211366c65352,https://ngk.wisski.cloud/contents/67b306e15a312
24,mar00864,666503d9-a605-4a4d-9823-5cf223297acd,https://ngk.wisski.cloud/contents/67b306e2e3e9e
25,mar00884,6dec92c8-170e-4264-9224-0d399ce5c90c,https://ngk.wisski.cloud/contents/67b306e48a17c
26,mar00914,921dce17-c7cf-4b42-a3b7-727ea4ee01b0,https://ngk.wisski.cloud/contents/67b306e61e74e
27,mar00863,b44a3668-33ff-4632-b42f-41d82e2473d3,https://ngk.wisski.cloud/contents/67b306e7b224c
28,mar00938,f0e2ad13-f68d-4dd1-94ee-716e65a6fd03,https://ngk.wisski.cloud/contents/67b306e950520
29,mar00943,d027aeaa-5e39-4cce-91fa-87842be0a505,https://ngk.wisski.cloud/contents/67b306ead0a82
30,mar00898,3ae2678e-e795-4067-b4af-1a416e332386,https://ngk.wisski.cloud/contents/67b306ed611ee
31,mar00991,964840b3-101b-49b7-a8e7-902f24b738ae,https://ngk.wisski.cloud/contents/67b306ef55600
32,mar00955,19fa6b7c-9296-4b5b-afac-6e6cdfbf86a0,https://ngk.wisski.cloud/contents/67b306f15931e
33,mar00923,aed5e0b5-c90a-4d08-be4a-3e70c4a0ccb5,https://ngk.wisski.cloud/contents/67b306f38cb67
34,mar00925,e5db2f97-603e-4340-822e-69ad69924323,https://ngk.wisski.cloud/contents/67b306f524d38
35,mar00857,a25f4ba1-b259-4138-bef0-06927883b440,https://ngk.wisski.cloud/contents/67b306f7568b7
36,mar00909,08c420fa-4c74-43cd-852d-524d40555eb0,https://ngk.wisski.cloud/contents/67b306f8d776d
37,mar00846,1300c0aa-0125-4d4a-84e5-36475dfa1110,https://ngk.wisski.cloud/contents/67b306fa8e4ca
38,mar00865,a6c0f313-fec5-4f31-99a4-0cbf7a550341,https://ngk.wisski.cloud/contents/67b306fc18020
39,mar00886,d5be0614-c758-4c83-b92a-f29de57cbfa9,https://ngk.wisski.cloud/contents/67b306fec1482
40,mar00988,c72aa2de-1331-4f94-9bb0-ddb669083cb3,https://ngk.wisski.cloud/contents/67b306ffa5c6f
41,mar00984,98bc4339-dcc1-4a03-93a3-14f3213317a2,https://ngk.wisski.cloud/contents/67b307016a13d
42,mar00939,6111b772-c327-41cd-9332-457f5c988465,https://ngk.wisski.cloud/contents/67b307034a9aa
43,mar00959,bec0cdba-37a8-4397-9851-5b74490e4474,https://ngk.wisski.cloud/contents/67b30704d36f8
44,mar00896,e012f372-6fba-460d-8234-f5c0dab7aecd,https://ngk.wisski.cloud/contents/67b30707681d1
45,mar00895,c77a904b-63a0-4f0d-95f6-8e4b40235152,https://ngk.wisski.cloud/contents/67b307099c260
46,mar00862,5b202376-6964-4246-976d-60989bac4898,https://ngk.wisski.cloud/contents/67b3070b209a7
47,mar00871,782cbb74-cf97-4fa0-9292-eb3a6858d856,https://ngk.wisski.cloud/contents/67b3070c63ca2
48,mar00927,9fed503b-499f-42d0-96ad-e7bdcf3ac4eb,https://ngk.wisski.cloud/contents/67b3070e136fe
49,mar00942,abf9bec1-7302-48aa-aeda-e77449b9b26e,https://ngk.wisski.cloud/contents/67b3070f8bbd7
50,mar00870,e7062fc3-6e71-4983-8417-a804ebc6df83,https://ngk.wisski.cloud/contents/67b30710948be
51,mar00868,a39f6092-2e21-4383-b1f1-9f18476cbf4d,https://ngk.wisski.cloud/contents/67b307125de37
52,mar00913,1f8d2628-9b6c-495b-a6e2-e268458ba3df,https://ngk.wisski.cloud/contents/67b30713e4fac
53,mar00904,3b8bf91e-06ea-42c6-8c6b-e5b960b5791a,https://ngk.wisski.cloud/contents/67b3071565d90
54,mar00853,4d7cb92c-e1e0-40cc-8996-55b7f8630230,https://ngk.wisski.cloud/contents/67b3071741bd0
55,mar00888,84da6690-cc7c-4419-b84e-77a6090dcda9,https://ngk.wisski.cloud/contents/67b30718e4aad
56,mar00859,f42e074e-9d94-4e62-8254-c7823ba28bc3,https://ngk.wisski.cloud/contents/67b3071ac4bc0
57,mar00917,1e5772c8-e5e7-44fc-beab-5231de961f49,https://ngk.wisski.cloud/contents/67b3071c9e44b
58,mar00861,de209911-b410-483d-a8d3-4c34497d7990,https://ngk.wisski.cloud/contents/67b3071ed31bb
59,mar00890,77fe7b90-ac5d-4944-b8cb-88c7a409054f,https://ngk.wisski.cloud/contents/67b307219169a
60,mar00919,a70abc89-490d-4916-a924-ec1ea5efb472,https://ngk.wisski.cloud/contents/67b3072396945
61,mar00992,3cc8a7fa-ff75-4116-968c-81d40464b2b0,https://ngk.wisski.cloud/contents/67b307260b1ed
62,mar00879,612410d1-3917-46f3-95d9-c259ef1ac775,https://ngk.wisski.cloud/contents/67b307282115a
63,mar00844,5f052ccb-76bc-4964-80f4-95c12eaf231a,https://ngk.wisski.cloud/contents/67b3072a31425
64,mar00958,cb013ec1-ed2d-41cf-a81f-cd5377882f24,https://ngk.wisski.cloud/contents/67b3072b9a337
65,mar00986,95f8a475-9b75-433b-8333-2ba1ada63b8f,https://ngk.wisski.cloud/contents/67b3072d393fb
66,mar00994,36a0af47-a9f9-4d85-9af6-902e20f1b2c0,https://ngk.wisski.cloud/contents/67b3072ec4686
67,mar00930,914a96af-cf46-4c15-b17f-80d6a66ac1dc,https://ngk.wisski.cloud/contents/67b3072fb8a74
68,mar00929,d678ea14-6bbe-41fb-96bd-5ed5b285015c,https://ngk.wisski.cloud/contents/67b307304ab3c
69,mar00921,02cfabb0-ae0b-465b-8194-a63f10083c5f,https://ngk.wisski.cloud/contents/67b3073240d61
70,mar00906,23748e8f-3c26-4bfa-b893-e4d013ae7dcf,https://ngk.wisski.cloud/contents/67b30733d4219
71,mar00880,db8ef42d-ff08-421a-9f5e-0730aade5674,https://ngk.wisski.cloud/contents/67b30735bb36a
72,mar00924,69f97661-7d87-4bb8-82b4-129fa35d07c6,https://ngk.wisski.cloud/contents/67b30737c2a7d
73,mar00963,3f31b32d-87bb-4001-b9ea-621c89e03b5b,https://ngk.wisski.cloud/contents/67b3073923ff3
74,mar00900,a7fbbe9f-6b4e-45ac-a549-af06af68ef33,https://ngk.wisski.cloud/contents/67b3073b1c2c9
75,mar00903,750a6c38-e32d-41f1-8087-36c8bbf5b61c,https://ngk.wisski.cloud/contents/67b3073c52e43
76,mar00897,b84e3d26-e0f8-4246-b6d5-48a2449c7a74,https://ngk.wisski.cloud/contents/67b3073f09598
77,mar00980,4e5061b9-471c-4573-a915-37fab4e17e30,https://ngk.wisski.cloud/contents/67b30740d4eed
78,mar00893,3833804e-767f-4d9d-bd11-e05b78ea3cbd,https://ngk.wisski.cloud/contents/67b3074454601
79,mar00869,eeaeeebc-93b0-4037-bb5b-6cd6ed82fc55,https://ngk.wisski.cloud/contents/67b30745e63f6
80,mar00905,2a460c16-69f1-4bbc-8264-26dfe117e504,https://ngk.wisski.cloud/contents/67b30747dee53
81,mar00993,976935fc-a975-420c-b9f5-ab9c60bf0426,https://ngk.wisski.cloud/contents/67b30749ad9c6
82,mar00873,08494088-5600-4193-ad18-205fa3b22999,https://ngk.wisski.cloud/contents/67b3074b78dc7
83,mar00889,9a531f8c-1a76-487d-b8ec-2a9ad38b91b0,https://ngk.wisski.cloud/contents/67b3074dd4546
84,mar00842,e05af6b3-f15e-40a2-80ca-fbd034e07202,https://ngk.wisski.cloud/contents/67b3074fc4b11
85,mar00851,b93f8b99-5cb7-4e95-80a8-995b247b74a3,https://ngk.wisski.cloud/contents/67b307517b3b6
86,mar00926,ebc01a4e-ffa3-462a-81f3-5a0591aba243,https://ngk.wisski.cloud/contents/67b30752c75df
87,mar00907,293ea7bf-7ed6-47e8-9337-140d7dc7b54a,https://ngk.wisski.cloud/contents/67b307549f542
88,mar00878,d4460044-2bdd-4c85-9800-c864eaec2f72,https://ngk.wisski.cloud/contents/67b30755be863
89,mar00945,371b5cb2-0fdf-4670-9d51-0d7e771f6c48,https://ngk.wisski.cloud/contents/67b3075795673
90,mar00949,8b811468-6f39-427c-a396-9b7f89cce059,https://ngk.wisski.cloud/contents/67b30758aea9c
91,mar00911,04b61ed9-5d81-4ad1-ba7a-62c78384a18f,https://ngk.wisski.cloud/contents/67b3075ab89e8
92,mar00875,a05e1aff-f9cf-45a1-9fc2-d24b120f16f8,https://ngk.wisski.cloud/contents/67b3075c8699d
93,mar00971,2f73b51c-3e72-4d4b-98c9-9d75d34fe843,https://ngk.wisski.cloud/contents/67b3075d96b83
94,mar00883,a6dc562b-580d-478e-b128-c633716dbf37,https://ngk.wisski.cloud/contents/67b3075fbab04
95,mar00882,1f4bf77b-9500-4071-9286-571a5dabb39d,https://ngk.wisski.cloud/contents/67b30761068b5
96,mar00950,f93ee345-b3b6-4b4a-9840-07f8c153c27b,https://ngk.wisski.cloud/contents/67b30762a5e0a
97,mar00915,ab8ebe28-9521-411c-9ed8-4e48e5c5be18,https://ngk.wisski.cloud/contents/67b3076514b93
98,mar00954,2dba4e25-8c44-43c9-8965-567ebef76b46,https://ngk.wisski.cloud/contents/67b307671476c
99,mar00966,92f84c0a-89e2-44e2-8b5b-16ea04b234b3,https://ngk.wisski.cloud/contents/67b307684a5ad
100,mar00936,ab4ee234-a756-41e8-b73d-bbbb66f8e68f,https://ngk.wisski.cloud/contents/67b3076a2f7bf
101,mar00845,c79f596a-4d8a-44e8-84eb-06cc235fcdb9,https://ngk.wisski.cloud/contents/67b3076c7b44e
102,mar00934,7bbdb800-ca16-4c56-bae1-5c6b8563d5f2,https://ngk.wisski.cloud/contents/67b3076dc25f7
103,mar00916,e7bb3a5e-2b8e-48dd-a89d-d31acaf3b9ca,https://ngk.wisski.cloud/contents/67b3076f6dd03
104,mar00881,7fe09d95-cdbd-4625-ad74-1eb1751b5f81,https://ngk.wisski.cloud/contents/67b30772a145e
105,mar00918,301c1fb5-71f0-4a88-94bb-5d45d6f237b3,https://ngk.wisski.cloud/contents/67b3077536788
106,mar00912,28157db4-e978-483f-9243-dbaec5f48f25,https://ngk.wisski.cloud/contents/67b30779b1a4d
107,mar00944,aa1aaf8a-fd79-4670-a335-22ea225f1c5f,https://ngk.wisski.cloud/contents/67b3077d39544
108,mar00970,bcc38b2a-5a49-4cc3-a436-eb9ba6a9bf7c,https://ngk.wisski.cloud/contents/67b3077e0f0a9
109,mar00941,4d5a44d0-d1f8-4ec4-b1d8-d7d576e878b9,https://ngk.wisski.cloud/contents/67b3077fb1576
110,mar00854,42006279-7a6a-46e0-ae76-14ffad132f5f,https://ngk.wisski.cloud/contents/67b307838d876
111,mar00935,2e0ef223-8e75-4f3e-9a96-e4f9da0d65ca,https://ngk.wisski.cloud/contents/67b3078596380
112,mar00946,6c670056-a7bc-417f-abc2-d01263d5df63,https://ngk.wisski.cloud/contents/67b30787549e3
113,mar00974,39761cf9-7fdb-413c-bb94-5865a6a3ddcd,https://ngk.wisski.cloud/contents/67b30788d33c5
114,mar00940,7806aa24-8f13-4865-b616-5616163babe2,https://ngk.wisski.cloud/contents/67b3078aa831b
115,mar00964,41bfe26e-034a-4c63-95a1-adf9aedd411c,https://ngk.wisski.cloud/contents/67b3078c5e0bd
116,mar00928,5cc4d2d9-d375-4909-9534-2c3ac088db1a,https://ngk.wisski.cloud/contents/67b3078dd089d
117,mar00967,ddb3a969-c254-4dba-b250-fb06a84699f0,https://ngk.wisski.cloud/contents/67b3078f173b5
118,mar00975,b051f173-0e54-4a39-abd4-ea51730e9689,https://ngk.wisski.cloud/contents/67b30790b8ca8
119,mar00931,29353b1b-3b5e-459a-8968-c5da6744128c,https://ngk.wisski.cloud/contents/67b30792a1496
120,mar00901,139d8d2c-afeb-495a-babb-3fe079b2181c,https://ngk.wisski.cloud/contents/67b3079464fb4
121,mar00969,a1a7b462-c8e8-47ce-9ba3-882ceb754d34,https://ngk.wisski.cloud/contents/67b30796203b2
122,mar00973,581962b2-9730-4a3f-aea2-5bc7270662d0,https://ngk.wisski.cloud/contents/67b30797d4f2a
123,mar00968,296a14ea-dffe-43a0-bbd2-4c1d46051226,https://ngk.wisski.cloud/contents/67b3079b7317b
124,mar00850,545d587e-66a7-486b-8f54-9c6c51960382,https://ngk.wisski.cloud/contents/67b3079d46ac9
125,mar00972,57a03850-73e8-4833-916a-bacbfedc2d2d,https://ngk.wisski.cloud/contents/67b3079e9f4ef
126,mar00987,16b56516-8793-4288-b14d-8f3ba63e857d,https://ngk.wisski.cloud/contents/67b3079fd91d8
127,mar00847,40750547-a5cf-45e3-8da1-65f4b5e7bcca,https://ngk.wisski.cloud/contents/67b307a20bde7
128,mar00957,27db5462-ad08-4330-9d78-55de18ad63d0,https://ngk.wisski.cloud/contents/67b307a3eb292
129,mar00843,ed984d6a-17f6-45a9-8ff2-e1649b37450a,https://ngk.wisski.cloud/contents/67b307a6015c8
130,mar00933,a224b0a8-38de-4c85-b894-2dbab9ea912c,https://ngk.wisski.cloud/contents/67b307a73feef
131,mar00937,d5dc3564-add2-48ba-8f83-2c411ead97a2,https://ngk.wisski.cloud/contents/67b307a8efd02
132,mar00876,66e92f50-5601-4f56-bd2a-194ce7012a2c,https://ngk.wisski.cloud/contents/67b307aab4488
133,mar00920,8055a24e-9cb0-4cd6-a0aa-7a4a88f787ff,https://ngk.wisski.cloud/contents/67b307ad13ae2
134,mar00990,1398d601-cc43-4d31-928b-8b7ad38fe8af,https://ngk.wisski.cloud/contents/67b307aecc74b
135,mar00867,a59a2649-839d-4283-a3d1-b69e511b6943,https://ngk.wisski.cloud/contents/67b307b1ccb62
136,mar00855,874aa0b4-ec3d-49f1-a400-5e1a670c162d,https://ngk.wisski.cloud/contents/67b307b48a8c0
137,mar00910,49fad3bb-c00d-4a66-8622-38206afc3db3,https://ngk.wisski.cloud/contents/67b307b66388b
138,mar00922,7c022937-0bd2-49ff-9913-d816f5acefe7,https://ngk.wisski.cloud/contents/67b307b7d3d81
139,mar00874,abadbf6d-1b69-4263-8c28-160adb9c9a34,https://ngk.wisski.cloud/contents/67b307ba11f5b
140,mar00981,b30aacc0-dd6f-4311-93a8-1f5135f922e4,https://ngk.wisski.cloud/contents/67b307bb4fbe6
141,mar00877,85d29a69-195e-44cb-8dcd-13d9fea501ae,https://ngk.wisski.cloud/contents/67b307bcc0955
142,mar00866,46ceba25-425d-4581-849a-fa6e87d69b56,https://ngk.wisski.cloud/contents/67b307bea5f24
143,mar00952,63c57099-fb84-48d3-a0a1-ac88f7423a43,https://ngk.wisski.cloud/contents/67b307bfed519
144,mar00860,5af6c377-0dbe-4e8a-8390-d2232e0c5d5d,https://ngk.wisski.cloud/contents/67b307c1adcad
145,mar00872,d57daf84-5a85-4753-a3c4-04e5dee15e22,https://ngk.wisski.cloud/contents/67b307c34ae22
146,mar00947,c818003b-ffa5-455c-aea1-6b8e7e3931b5,https://ngk.wisski.cloud/contents/67b307c4d8908
147,mar00885,17e3e7a9-4e92-4ac4-b4f8-16350608c1d5,https://ngk.wisski.cloud/contents/67b307c69dc16
148,mar00978,cde7b40f-af67-4bb5-a120-8857b43591db,https://ngk.wisski.cloud/contents/67b307c81abdf
149,mar00951,6d485907-577b-400d-b4ef-7162dc72bbad,https://ngk.wisski.cloud/contents/67b307c9c09d9
150,mar00856,ce408102-2779-4dc4-8aab-6144480712ca,https://ngk.wisski.cloud/contents/67b307cbc477e
151,mar00848,b4616983-a6a1-46aa-85e5-b0f3a4f8aeb4,https://ngk.wisski.cloud/contents/67b307cdd62cf
152,mar00982,3a3d1100-bce3-40ac-a2d9-a469a5293972,https://ngk.wisski.cloud/contents/67b307cfda92f
153,mar00965,2d8cbe72-35a2-4d8d-9e56-645cb58ea266,https://ngk.wisski.cloud/contents/67b307d1d4777
154,mar00077,d7d90942-189b-4e09-a149-66d347c646e6,https://ngk.wisski.cloud/contents/67b307d504d5a
155,mar00576,06dcb764-f015-4932-bda8-98d9daea329e,https://ngk.wisski.cloud/contents/67b307df54dd1
156,mar00524,bb4a6852-5cd8-445e-99b5-8273e70819f7,https://ngk.wisski.cloud/contents/67b307e31bc12
157,mar00714,0cbf2e3d-ceb5-4a3c-937d-0728d3db6698,https://ngk.wisski.cloud/contents/67b307e779d1f
158,mar00135,77f87338-394f-4a32-8744-b41f751e7fd8,https://ngk.wisski.cloud/contents/67b307ead864f
159,mar00753,96b30cab-8245-475d-ace1-bf86cbc9d77d,https://ngk.wisski.cloud/contents/67b307ed3632c
160,mar00562,48b45671-36c7-4d9b-8eee-ed530050f032,https://ngk.wisski.cloud/contents/67b307f0a3bd9
161,mar00212,470ec427-ba53-4c0c-bba1-bb729d943c02,https://ngk.wisski.cloud/contents/67b3080017257
162,mar00561,c12cb7b9-5252-47a5-9eb2-c2417479db14,https://ngk.wisski.cloud/contents/67b30803e7a81
163,mar00803,a20e1957-dd16-4536-83f7-eb8bae589523,https://ngk.wisski.cloud/contents/67b30806604ba
164,mar00017,4236ad5c-5617-473f-a5aa-a1ec76880a7e,https://ngk.wisski.cloud/contents/67b3080e4890d
165,mar00099,cd576eee-2652-407d-b19e-5f38b0d21645,https://ngk.wisski.cloud/contents/67b308126668c
166,mar00689,8d0f6413-bad1-401e-a37e-23ff2ce3628b,https://ngk.wisski.cloud/contents/67b3081577206
167,mar00661,903de26a-a496-4696-97eb-ddbc470d807e,https://ngk.wisski.cloud/contents/67b30817e2861
168,mar00112,1d67699b-3877-40d7-9df6-55075dff9e7d,https://ngk.wisski.cloud/contents/67b30819918cf
169,mar00261,9edc08d6-2ad6-4d12-bd3f-759b49bbfb03,https://ngk.wisski.cloud/contents/67b308231be45
170,mar00510,f3274f4f-47e4-4405-af7a-61b9da92c8ea,https://ngk.wisski.cloud/contents/67b30825d6b2b
171,mar00807,14a50f40-2994-4e13-814c-1c4011b95df3,https://ngk.wisski.cloud/contents/67b308282407e
172,mar00097,5e70e22c-e7d7-4e9d-b591-adafaf051e6e,https://ngk.wisski.cloud/contents/67b3082bf11c3
173,mar00116,1516718c-1802-45eb-82af-d4ff4c55366b,https://ngk.wisski.cloud/contents/67b30830176f5
174,mar00045,8540b42f-7c1b-4349-bd04-f3d0c10ae85b,https://ngk.wisski.cloud/contents/67b30833e3d18
175,mar00513,664d5d69-b14a-410c-8fec-00b3a51f292c,https://ngk.wisski.cloud/contents/67b3083526982
176,mar00821,d995a793-86c8-4ca8-9ee8-5dd6fcb1f5b0,https://ngk.wisski.cloud/contents/67b30836a560b
177,mar00477,18ef99b8-9590-453e-9982-a8dcfbbc6b37,https://ngk.wisski.cloud/contents/67b30838ea93b
178,mar00199,62dff3c4-e816-48da-ac1d-bda80d4b6134,https://ngk.wisski.cloud/contents/67b30842e3ca5
179,mar00172,6a1d63cb-a545-4a23-9ad9-fb5f78bd58a5,https://ngk.wisski.cloud/contents/67b30846a333a
180,mar00492,8ea06ff5-c716-43eb-80bd-b72fac81075a,https://ngk.wisski.cloud/contents/67b30848b2e4a
181,mar00500,e3b49ea2-a27e-4d53-b571-b21c0270c736,https://ngk.wisski.cloud/contents/67b30849f2583
182,mar00018,e09e4338-f114-4147-96d7-7f1b2fbaf62a,https://ngk.wisski.cloud/contents/67b3084e442d2
183,mar00444,b57d518e-6118-41df-abee-f457f795e6eb,https://ngk.wisski.cloud/contents/67b3085017bb9
184,mar00420,17b4e914-679d-41a8-8878-e5a900991a32,https://ngk.wisski.cloud/contents/67b3085173148
185,mar00132,29e3a107-cb2c-4e41-9c6f-15a080c8ddd1,https://ngk.wisski.cloud/contents/67b30854dcc62
186,mar00269,7e4746f9-9511-4c64-8e53-04f844fc4d1a,https://ngk.wisski.cloud/contents/67b30857967d2
187,mar00338,b8de2d02-4738-4a35-96d0-723e2e837a88,https://ngk.wisski.cloud/contents/67b3085983a0b
188,mar00278,0ba072be-b4da-4d86-972c-a02d02cfca37,https://ngk.wisski.cloud/contents/67b3085c75d1a
189,mar00659,c21bd935-0654-469a-8092-436473ad764b,https://ngk.wisski.cloud/contents/67b3085e4ecd8
190,mar00781,cdf22a2b-7013-4221-a9a5-01c7ca730bd1,https://ngk.wisski.cloud/contents/67b3085f82495
191,mar00191,ae7337d0-7c99-4e83-b9e1-9630099936e5,https://ngk.wisski.cloud/contents/67b30865163dd
192,mar00429,443c1c4a-5a57-4cd8-816f-6d21a80fea14,https://ngk.wisski.cloud/contents/67b308682bb98
193,mar00109,858ed151-4b1c-4a84-a18c-aa41a350d857,https://ngk.wisski.cloud/contents/67b3086be7237
194,mar00103,514694d5-067c-43a6-b578-83b017cdea48,https://ngk.wisski.cloud/contents/67b3086f761f5
195,mar00546,ed96185b-2276-456e-8d94-2d4e91aafcee,https://ngk.wisski.cloud/contents/67b3087875f9c
196,mar00129,63c8b6a4-3697-4e25-855c-962f704e073b,https://ngk.wisski.cloud/contents/67b3087caf1b3
197,mar00768,7edfada7-622e-43cf-aec2-f98d49d8351e,https://ngk.wisski.cloud/contents/67b3087e9e9fa
198,mar00388,4481fb75-2735-4cc1-a9d0-d167ec1a5ce0,https://ngk.wisski.cloud/contents/67b3087fe0413
199,mar00623,ee050c10-fca6-4853-94ff-fae310d36b12,https://ngk.wisski.cloud/contents/67b308811bf78
200,mar00785,a5294db2-caea-4417-a044-5f005d42e9e0,https://ngk.wisski.cloud/contents/67b30882a9949
201,mar00751,330b1474-ebe4-4dee-a82e-5d17b010b881,https://ngk.wisski.cloud/contents/67b30884e9f49
202,mar00573,9450b4a3-2403-4325-a4e0-391084b66b9a,https://ngk.wisski.cloud/contents/67b3088ae5ab2
203,mar00409,7bf9d772-efa3-4d9b-95a5-581dc73a4ad6,https://ngk.wisski.cloud/contents/67b3088d13855
204,mar00712,ee3d95c3-2fcf-41af-91d4-a1beba5a3a67,https://ngk.wisski.cloud/contents/67b308918d764
205,mar00348,72f964bf-f31e-4089-b4d5-db87e0d6a41a,https://ngk.wisski.cloud/contents/67b30894a5771
206,mar00447,9de986f2-f4c0-42ab-ae75-88d11a2903e2,https://ngk.wisski.cloud/contents/67b3089721d84
207,mar00663,e8f2dad2-9370-45f9-99e1-f3aac376cabf,https://ngk.wisski.cloud/contents/67b30898bf88b
208,mar00593,30dbd382-c073-4507-9aa2-76c42cb3aa40,https://ngk.wisski.cloud/contents/67b3089b38c1b
209,mar00205,cdc4df1c-d69d-4ab3-bacd-dce983a05dbb,https://ngk.wisski.cloud/contents/67b3089d4eca0
210,mar00224,a8d87b5c-be00-439e-85aa-85a753eea572,https://ngk.wisski.cloud/contents/67b308a001cdb
211,mar00188,3a7b3d63-9686-4ced-a91d-75a7d9e1689d,https://ngk.wisski.cloud/contents/67b308a348ecf
212,mar00469,70702c88-262a-4e6f-b1d3-c7a7e894a1ee,https://ngk.wisski.cloud/contents/67b308a606f3b
213,mar00771,2bc7cc0d-42c0-436a-8083-37c164f99d43,https://ngk.wisski.cloud/contents/67b308a838119
214,mar00802,ee812fbc-d2c1-47e8-b8bd-f56550e4e619,https://ngk.wisski.cloud/contents/67b308ac60e73
215,mar00648,d6db680c-2965-44ae-aca5-4b3ebcff7871,https://ngk.wisski.cloud/contents/67b308b050fa1
216,mar00216,5b62a1bc-b8a2-4da2-bf30-34db6e26f26c,https://ngk.wisski.cloud/contents/67b308b633348
217,mar00339,e8bd27ac-4f5b-408c-9036-08b57faef5a0,https://ngk.wisski.cloud/contents/67b308b7c2b71
218,mar00740,72e71db0-4ce9-4700-9028-d5de9a42319f,https://ngk.wisski.cloud/contents/67b308c5881b4
219,mar00720,7c9e473e-9e7f-4b25-aa96-5b4e1a369f94,https://ngk.wisski.cloud/contents/67b308c87a83a
220,mar00281,3357fd1a-c689-480c-bc33-1365137005c9,https://ngk.wisski.cloud/contents/67b308cb9583b
221,mar00389,50ec2d2a-e23e-4233-a48d-aec3d19aa826,https://ngk.wisski.cloud/contents/67b308ccb9106
222,mar00033,5c7d3fd4-84f0-48fa-bf7a-87e36f83a159,https://ngk.wisski.cloud/contents/67b308d73f4ae
223,mar00440,34fcef8c-e720-4e5d-974c-c7c6bcab0994,https://ngk.wisski.cloud/contents/67b308d9b170e
224,mar00565,d9a961ce-7c2e-4f9c-b56a-7fe440ffe0b0,https://ngk.wisski.cloud/contents/67b308dad5d22
225,mar00302,46e852b6-849a-493f-abeb-eee9910a2500,https://ngk.wisski.cloud/contents/67b308dc4909e
226,mar00649,8d14b563-7367-4e7e-a9e2-df7fe1c4365d,https://ngk.wisski.cloud/contents/67b308ea47d7d
227,mar00340,ccbf74cb-1889-4207-9fa5-81eb57cbb0af,https://ngk.wisski.cloud/contents/67b308ed467ee
228,mar00495,36af72d5-3eee-4791-86bc-b41678aa8493,https://ngk.wisski.cloud/contents/67b308ef763ff
229,mar00575,316600ee-2f3f-4b90-8f44-7e58bf3a928d,https://ngk.wisski.cloud/contents/67b308f38a333
230,mar00794,4739077f-e6e0-408c-9508-3679652a3dbe,https://ngk.wisski.cloud/contents/67b308f5de96a
231,mar00437,7e6af4b8-3c63-4d76-967a-06b82a019624,https://ngk.wisski.cloud/contents/67b308f6f01f7
232,mar00704,f894101f-7c63-4773-8b3f-5d7ae55fd943,https://ngk.wisski.cloud/contents/67b308faa09cc
233,mar00427,4496f7c2-88d7-4ca5-a656-0c90aa28256b,https://ngk.wisski.cloud/contents/67b308fcbbf83
234,mar00597,31a97f4c-9760-4d46-8f29-4f5b6db2d9bd,https://ngk.wisski.cloud/contents/67b308fdc70f0
235,mar00825,681c36d6-d17e-4f86-a1be-add94ceb0e3c,https://ngk.wisski.cloud/contents/67b308ff63808
236,mar00529,5cfad669-3afc-4dfc-aa82-1eec4c1a6534,https://ngk.wisski.cloud/contents/67b30901e6531
237,mar00322,c0531378-1b04-4c3c-8d05-d49e5af9bf3d,https://ngk.wisski.cloud/contents/67b309038d2f6
238,mar00474,9b4e310b-8c6d-4470-b514-a17433ac9392,https://ngk.wisski.cloud/contents/67b309050e9c1
239,mar00464,834e0b77-e87e-44eb-b090-8c7e9964bac2,https://ngk.wisski.cloud/contents/67b3090631265
240,mar00012,a35965ce-f518-4e04-899d-5afdad566131,https://ngk.wisski.cloud/contents/67b3090997ee0
241,mar00752,ff781086-2d42-4267-a53b-f0c62018c83a,https://ngk.wisski.cloud/contents/67b3090b3945d
242,mar00639,34b0c435-cfcd-48ea-a133-ed4fa4ee8237,https://ngk.wisski.cloud/contents/67b3090dab638
243,mar00678,c626814e-f797-4cf6-81d3-8f8280ec30e0,https://ngk.wisski.cloud/contents/67b3090ebcd1a
244,mar00404,bdbcca06-0a12-494c-8827-f984e7f150ee,https://ngk.wisski.cloud/contents/67b30910437a7
245,mar00577,70655089-3114-4063-a6dc-3600ae1365b5,https://ngk.wisski.cloud/contents/67b30913d4a79
246,mar00373,88771257-93fa-4f47-98db-6392d6ff38cf,https://ngk.wisski.cloud/contents/67b3091524f8a
247,mar00458,f3b89fd3-bb8b-45ac-878b-b4eeac42d129,https://ngk.wisski.cloud/contents/67b309192b79d
248,mar00832,9c828eef-f4c6-4e59-a686-074203ba47c6,https://ngk.wisski.cloud/contents/67b3091ad6e22
249,mar00133,b5693362-4dd3-41d3-9922-d8887a821e06,https://ngk.wisski.cloud/contents/67b3092409e74
250,mar00280,2572f65e-e9f1-479f-af9d-42936d7a43dc,https://ngk.wisski.cloud/contents/67b30925ec874
251,mar00293,8d4f6a8e-322b-4712-ad2b-7cc88f39ba07,https://ngk.wisski.cloud/contents/67b309283255d
252,mar00631,190f1153-27b1-46a8-a8c8-2d05b8d72038,https://ngk.wisski.cloud/contents/67b3092c87102
253,mar00673,5b4975ec-fc7f-47ca-95c4-309c819b9f4f,https://ngk.wisski.cloud/contents/67b3092ecdf43
254,mar00371,eb7b1ebc-f6bc-4b67-b279-326748b3b9ff,https://ngk.wisski.cloud/contents/67b309302caa9
255,mar00818,d112dd91-ea33-4cff-a739-a65e5268f542,https://ngk.wisski.cloud/contents/67b30931afc61
256,mar00439,1b98fac7-a5e8-41a7-8b36-4c19fb17607b,https://ngk.wisski.cloud/contents/67b30932ab899
257,mar00395,7b9e3c9e-ebf0-4fe7-bd2e-5b57c8019e5c,https://ngk.wisski.cloud/contents/67b3093448d2f
258,mar00402,a9c7cae4-56aa-42c0-a795-4e835e72790b,https://ngk.wisski.cloud/contents/67b3093688311
259,mar00119,d7fc1bed-a578-4d73-8bf7-23f6a49584f2,https://ngk.wisski.cloud/contents/67b309382c748
260,mar00729,3e95da9e-68ca-4d65-aee2-f4359a679668,https://ngk.wisski.cloud/contents/67b30939c4216
261,mar00251,59747014-bf56-4042-801c-3f070cd70623,https://ngk.wisski.cloud/contents/67b3093b6b780
262,mar00758,5c0ebbab-9394-48a8-870a-6c1fe62f41d8,https://ngk.wisski.cloud/contents/67b3093faefb9
263,mar00696,c08b8812-e7c1-4aae-b0a0-00cedbee1913,https://ngk.wisski.cloud/contents/67b309430671b
264,mar00285,cf4d4797-cdea-4c59-b7cf-aaf7f31ed2a1,https://ngk.wisski.cloud/contents/67b30946cbbd3
265,mar00584,a0356eb7-a7a2-4341-accf-df1d39532a6e,https://ngk.wisski.cloud/contents/67b3094a02b19
266,mar00660,e4efbbd2-1afb-4255-ae3b-111287fe4bb2,https://ngk.wisski.cloud/contents/67b3094bee1e9
267,mar00598,5f5c8955-7f73-48fd-9e1d-5ff9539dea2e,https://ngk.wisski.cloud/contents/67b30952531e9
268,mar00068,821ee5f6-ea55-4be2-b195-bb60c99d3e21,https://ngk.wisski.cloud/contents/67b3095568637
269,mar00061,e910381d-ca7e-44c0-9235-1c1e0b8a492b,https://ngk.wisski.cloud/contents/67b30957e93f2
270,mar00235,83cc2be9-71df-4486-be67-320770d125a3,https://ngk.wisski.cloud/contents/67b3095aa078d
271,mar00638,a44cadb5-348d-499e-ae7e-f7aa4302c432,https://ngk.wisski.cloud/contents/67b3095e107d8
272,mar00287,5345f727-2b66-416a-ad46-e6885c60972d,https://ngk.wisski.cloud/contents/67b309638ba63
273,mar00548,418a6489-5614-4ddb-8996-fddae8c3686a,https://ngk.wisski.cloud/contents/67b30966190f3
274,mar00211,5c314bb1-94e6-449c-a15a-a2238d78735d,https://ngk.wisski.cloud/contents/67b3096adc542
275,mar00702,4e6d2bbb-39c9-44da-b794-1d8b7b7545a5,https://ngk.wisski.cloud/contents/67b3096d2220f
276,mar00727,4745f814-2c7c-4cfc-89bd-c681224ee228,https://ngk.wisski.cloud/contents/67b309712ba15
277,mar00701,5ed3c6d2-5011-4e7d-9f61-2bceb5920b24,https://ngk.wisski.cloud/contents/67b3097463cdf
278,mar00624,2cab8f90-e6bc-47a9-b158-4a981f14ef38,https://ngk.wisski.cloud/contents/67b3097569987
279,mar00808,6c50ad10-3ac8-45a2-9df6-13515a68244e,https://ngk.wisski.cloud/contents/67b30976bf3c4
280,mar00384,19f2af38-7be7-4383-875a-edccec567724,https://ngk.wisski.cloud/contents/67b30978c1d8a
281,mar00004,b450b0e5-d7c3-471f-a6c4-8a047798f6e9,https://ngk.wisski.cloud/contents/67b3097cc4a53
282,mar00626,8813dfee-60da-4c4d-88bd-0f5986ebae76,https://ngk.wisski.cloud/contents/67b3098597831
283,mar00315,799157f3-ba30-4bc6-aa40-193b464560d9,https://ngk.wisski.cloud/contents/67b30987b1958
284,mar00552,ca36be91-4632-47ba-aa05-a5adc8bcb60d,https://ngk.wisski.cloud/contents/67b30988dba56
285,mar00113,48cec462-13ad-4cd8-b5a3-1c2c2b9a1ea4,https://ngk.wisski.cloud/contents/67b3098bcd07d
286,mar00489,f3abf394-5940-4400-880b-a5c574565d93,https://ngk.wisski.cloud/contents/67b3098fa3ae4
287,mar00695,2dfa628a-258d-4029-97ff-9e3fc39caaf8,https://ngk.wisski.cloud/contents/67b3099768809
288,mar00248,9b377e30-6481-4354-8326-f6c285902f07,https://ngk.wisski.cloud/contents/67b30999ac748
289,mar00149,bcc33c2c-897f-4ef0-8b2d-25b8f568c8be,https://ngk.wisski.cloud/contents/67b3099c595f0
290,mar00445,2c7c7d21-d7a7-4e8b-ac41-7f83c7787752,https://ngk.wisski.cloud/contents/67b3099e4afb2
291,mar00093,f18f90dd-d8e1-4853-97eb-fc4dfdd7fbda,https://ngk.wisski.cloud/contents/67b309a0473f5
292,mar00189,67127b30-4acc-4263-b8b3-539432845d16,https://ngk.wisski.cloud/contents/67b309a4ce9e8
293,mar00580,30c20042-348b-4931-ab2f-b787eeec2b97,https://ngk.wisski.cloud/contents/67b309a79f5bb
294,mar00643,9d18bd5f-df64-4eb5-a118-d4ab2862e616,https://ngk.wisski.cloud/contents/67b309a99c4a8
295,mar00007,58ef9bd4-019b-4424-9281-07cdd8b79109,https://ngk.wisski.cloud/contents/67b309ac0d4d3
296,mar00525,71225969-adde-4883-b325-a1263c5fb9e6,https://ngk.wisski.cloud/contents/67b309ae38277
297,mar00277,78da62fc-eb96-4c95-9acf-7d10892d1ca6,https://ngk.wisski.cloud/contents/67b309b0dc3cc
298,mar00217,6b1d417f-cf04-4b88-886a-6bc9cafc1dd1,https://ngk.wisski.cloud/contents/67b309b58b174
299,mar00098,814469d3-e8e5-4cb6-8af0-52e81ab3673b,https://ngk.wisski.cloud/contents/67b309b755d19
300,mar00835,22743cdc-7987-40dc-ab1f-b5b533362b42,https://ngk.wisski.cloud/contents/67b309b9cd7cb
301,mar00511,2c637faa-384b-4e61-82fd-a13daf7ffc95,https://ngk.wisski.cloud/contents/67b309bb8fabf
302,mar00067,3a12f682-1035-4d32-bc4d-60405aa267d9,https://ngk.wisski.cloud/contents/67b309bf71d2b
303,mar00595,c1965961-8aee-4d8c-a5b0-7394d8493e3b,https://ngk.wisski.cloud/contents/67b309c3da736
304,mar00599,5415f29e-6118-4fb4-b917-3a6a2aed7c0e,https://ngk.wisski.cloud/contents/67b309c638fdc
305,mar00142,b6435bd3-2cbf-4e95-8db6-e19abf2636e8,https://ngk.wisski.cloud/contents/67b309c80fe02
306,mar00379,9bb84a1f-3790-4217-992f-8f8e3f02179c,https://ngk.wisski.cloud/contents/67b309c947ea3
307,mar00411,21097e99-948c-4326-8312-4b739edb3951,https://ngk.wisski.cloud/contents/67b309caaad25
308,mar00169,f69b0a14-1378-452f-92cd-6923563987ba,https://ngk.wisski.cloud/contents/67b309ccea733
309,mar00549,41f940a1-f74f-4a59-a30f-d42f7cecedff,https://ngk.wisski.cloud/contents/67b309cf4e1a6
310,mar00355,9ed24cc6-9477-451c-9aaf-f7d065445c89,https://ngk.wisski.cloud/contents/67b309d094b2f
311,mar00483,c36be75f-42e5-4053-a2db-e92fd9999be4,https://ngk.wisski.cloud/contents/67b309d234d31
312,mar00655,e5d83bbc-cbab-41e4-b1a7-98b01a49cf74,https://ngk.wisski.cloud/contents/67b309d33270a
313,mar00519,037c92a7-da7a-4f68-a3a1-8ad01ae67c71,https://ngk.wisski.cloud/contents/67b309d506430
314,mar00232,be20d422-2883-42f7-85b7-c56661003c90,https://ngk.wisski.cloud/contents/67b309d81403e
315,mar00286,417cb5c2-891e-42f4-9c12-ab38e8271214,https://ngk.wisski.cloud/contents/67b309db5d9ba
316,mar00303,64fa0e5e-3851-49cb-8584-ad5817529294,https://ngk.wisski.cloud/contents/67b309dfad93c
317,mar00353,10fdbc91-4635-4a28-b49b-ae41effcbe0d,https://ngk.wisski.cloud/contents/67b309e1518eb
318,mar00082,24d77655-6ebc-4149-bbe3-08e758c89b67,https://ngk.wisski.cloud/contents/67b309e43f307
319,mar00055,a336e13d-8341-4f84-89ef-f6a09621cd36,https://ngk.wisski.cloud/contents/67b309e8096c9
320,mar00394,82049026-cb5c-487a-92c5-b85cb0471955,https://ngk.wisski.cloud/contents/67b309ea0c427
321,mar00786,635781d9-e36d-4fd1-94bb-7ab92f56c0f0,https://ngk.wisski.cloud/contents/67b309ec306c9
322,mar00203,7ac4ee84-5c05-4cbe-9ac6-d4e847817f8e,https://ngk.wisski.cloud/contents/67b309ee89fae
323,mar00675,c38f2cf6-80ec-43a5-a893-cce4a379faf0,https://ngk.wisski.cloud/contents/67b309f068be0
324,mar00475,903c0cb6-63d0-4b9b-a1a9-f7efda6120a0,https://ngk.wisski.cloud/contents/67b309f169f7e
325,mar00372,0b7e8b85-2ef5-48d7-ab96-88a3cf6b7fde,https://ngk.wisski.cloud/contents/67b309f311b93
326,mar00144,32129245-0c8b-48ef-b089-a0f6802ed0ff,https://ngk.wisski.cloud/contents/67b309f7d1a3d
327,mar00078,aa609083-d10c-48ca-9187-b8e58ea0550a,https://ngk.wisski.cloud/contents/67b309fad617a
328,mar00532,f5540a3c-74fa-481c-9fbe-0c292dc61da3,https://ngk.wisski.cloud/contents/67b309fda1884
329,mar00408,5c4ece3d-6b5d-4d5b-be93-64d21932246e,https://ngk.wisski.cloud/contents/67b309ff20d7b
330,mar00377,e19e21d9-8197-441d-8a15-3d69e9b85848,https://ngk.wisski.cloud/contents/67b30a011d6c6
331,mar00613,33963e58-2ebc-4cf3-864e-cb4525717a45,https://ngk.wisski.cloud/contents/67b30a0353968
332,mar00107,b7bcda7c-9c89-46b2-a9cd-1adc3c4ba4d8,https://ngk.wisski.cloud/contents/67b30a04971a5
333,mar00134,11681ba1-4268-4112-992a-1bc7f9307506,https://ngk.wisski.cloud/contents/67b30a08d61c3
334,mar00656,74152966-1109-4d7b-9a6b-a2943906e2fa,https://ngk.wisski.cloud/contents/67b30a0a78065
335,mar00518,1b700029-ba77-4954-88b7-7d989030cdf9,https://ngk.wisski.cloud/contents/67b30a0c82c7c
336,mar00528,805930cc-ea06-41ee-8322-2a4b22a12137,https://ngk.wisski.cloud/contents/67b30a0d55dcc
337,mar00207,2cd82e5f-9b86-4a4e-b270-077f2f12e1b3,https://ngk.wisski.cloud/contents/67b30a104af7d
338,mar00816,d9aae79e-e188-493c-b798-c92e5a4073bf,https://ngk.wisski.cloud/contents/67b30a11edcd3
339,mar00614,e25811bd-0282-494f-a683-991c3bd7443c,https://ngk.wisski.cloud/contents/67b30a1641d45
340,mar00239,95dfa484-348e-42be-9900-acb0c0b0bf68,https://ngk.wisski.cloud/contents/67b30a17bbc29
341,mar00770,7866f3fc-0267-40a9-ab8b-918f025da693,https://ngk.wisski.cloud/contents/67b30a1a68400
342,mar00337,fcce4a75-076d-4dc6-b959-6cab69dc3e98,https://ngk.wisski.cloud/contents/67b30a1bdd0a3
343,mar00383,0552fee5-f496-4d5b-8412-f30466190b16,https://ngk.wisski.cloud/contents/67b30a1d19723
344,mar00692,71148b1c-156c-4592-af70-11e7b444218b,https://ngk.wisski.cloud/contents/67b30a22ce014
345,mar00520,158502e2-0ea3-4c54-a3d9-40f44cba27a0,https://ngk.wisski.cloud/contents/67b30a248d94a
346,mar00065,0b2f04ce-4a41-4923-a4e9-b6e6466447fc,https://ngk.wisski.cloud/contents/67b30a2621a5d
347,mar00505,d4254eae-14ff-4416-b5f4-f308781a37b5,https://ngk.wisski.cloud/contents/67b30a284cafa
348,mar00827,964ac4ab-a7c0-4668-bb8f-f27a2069990c,https://ngk.wisski.cloud/contents/67b30a2a2956a
349,mar00305,8db6dcb1-d63f-4e22-90e9-3e935c2f4353,https://ngk.wisski.cloud/contents/67b30a2c22813
350,mar00263,a6456329-2287-4ee4-810f-0235b8d12c95,https://ngk.wisski.cloud/contents/67b30a2e00ada
351,mar00031,7089ac86-5a4c-420e-817b-bb21111c184b,https://ngk.wisski.cloud/contents/67b30a30c8889
352,mar00347,6c12358c-8a12-498f-acb1-db0c23affc5d,https://ngk.wisski.cloud/contents/67b30a34cd3ba
353,mar00127,22a4cf6b-38a7-411d-aa69-75ec22aca08f,https://ngk.wisski.cloud/contents/67b30a39b5344
354,mar00499,0567b63c-cb2a-4449-ba4f-406bf1f65743,https://ngk.wisski.cloud/contents/67b30a3ba8db0
355,mar00032,525a3467-5bba-4cad-abe3-e8247a40bb78,https://ngk.wisski.cloud/contents/67b30a4557972
356,mar00292,b49d21b9-e74b-4e04-b315-9fd419f3f0d9,https://ngk.wisski.cloud/contents/67b30a493a6bd
357,mar00706,b0cd1604-cec4-4abf-9220-c2392ed5ad0c,https://ngk.wisski.cloud/contents/67b30a4c1f511
358,mar00148,d17f85cd-8e7d-474b-bc76-25f0e7fc19b9,https://ngk.wisski.cloud/contents/67b30a50228a0
359,mar00551,c15688a3-7f17-49ae-a97e-1b6e31cb43da,https://ngk.wisski.cloud/contents/67b30a529807e
360,mar00250,b31880a9-9924-4b05-af1c-02d856e31f08,https://ngk.wisski.cloud/contents/67b30a55e285d
361,mar00106,f5a478d1-f52a-4b20-9470-eb86689f856e,https://ngk.wisski.cloud/contents/67b30a591cfa7
362,mar00653,543bf4a8-8921-4aa1-981d-9352d0c5e3cd,https://ngk.wisski.cloud/contents/67b30a5a034b6
363,mar00512,84914382-4434-4d65-b9fa-11da77b16032,https://ngk.wisski.cloud/contents/67b30a5aeb4f5
364,mar00105,ab18377b-5f3f-431c-9515-9ad0b3dec31f,https://ngk.wisski.cloud/contents/67b30a5cce0c8
365,mar00137,e44cfadc-3983-48bd-9228-d19a9b709a3c,https://ngk.wisski.cloud/contents/67b30a6008193
366,mar00775,ee6e8baf-fd26-416d-bf8d-71411130d613,https://ngk.wisski.cloud/contents/67b30a61dc88b
367,mar00826,0a53a45b-359f-41c4-9628-a550fccdd208,https://ngk.wisski.cloud/contents/67b30a63ac9bd
368,mar00806,660aac30-cfb4-4ae8-bd6a-2de2d497d0d2,https://ngk.wisski.cloud/contents/67b30a66d7b51
369,mar00731,a4ebdff0-1974-46eb-a637-e710e4cf43dd,https://ngk.wisski.cloud/contents/67b30a6b9acd5
370,mar00064,99ecabb1-c77a-40ba-985f-0ec68ed52bd5,https://ngk.wisski.cloud/contents/67b30a6e757c8
371,mar00069,0af97133-993f-40ec-ba69-b89a53a9a6a3,https://ngk.wisski.cloud/contents/67b30a710d7d8
372,mar00089,629ce3b2-6de1-43f8-9753-d575966f9c40,https://ngk.wisski.cloud/contents/67b30a74515c6
373,mar00405,de2324e5-72fd-4a88-8e66-ed5def5b624a,https://ngk.wisski.cloud/contents/67b30a769929b
374,mar00218,5a1722e9-d507-4ba0-8064-bae453d3186c,https://ngk.wisski.cloud/contents/67b30a7844769
375,mar00578,e89001be-bfa4-4d39-9eaa-ff9e484c3acf,https://ngk.wisski.cloud/contents/67b30a8719244
376,mar00668,8b40dd11-0a18-4d82-a86a-858d210e53ec,https://ngk.wisski.cloud/contents/67b30a8d677c9
377,mar00156,2827f04e-e14c-4325-878c-95d52370dffe,https://ngk.wisski.cloud/contents/67b30a902522c
378,mar00539,b8805789-6b14-4655-bf29-678e704c1a9f,https://ngk.wisski.cloud/contents/67b30a9416d12
379,mar00013,c403f251-04da-4325-a910-bb6bc201fd90,https://ngk.wisski.cloud/contents/67b30a978fe8f
380,mar00124,83e52f96-7fde-4368-b3f7-77886761f42f,https://ngk.wisski.cloud/contents/67b30a9a93162
381,mar00582,bd174a86-7911-4b4b-a9a6-beedc37ab786,https://ngk.wisski.cloud/contents/67b30a9c50ba5
382,mar00252,bbfe6284-210a-4296-9edd-8830d19fb8f7,https://ngk.wisski.cloud/contents/67b30a9f65a3a
383,mar00434,98dbfbc4-bcaa-44f5-8dd3-6365393c5d11,https://ngk.wisski.cloud/contents/67b30aa24dffc
384,mar00535,4118726f-a3e5-44b0-9be9-e284c5283bf3,https://ngk.wisski.cloud/contents/67b30aa355de8
385,mar00178,89493be6-0a30-492d-b52a-64cf9191194a,https://ngk.wisski.cloud/contents/67b30aa67699c
386,mar00719,98d88373-ca79-434d-a18b-607befc28cf6,https://ngk.wisski.cloud/contents/67b30aa8ced95
387,mar00194,3644f38a-edf7-41da-bf6d-f2ca9181e086,https://ngk.wisski.cloud/contents/67b30aacd6d8f
388,mar00058,22fe3810-bb4f-4515-b63c-41f14ea5c4a7,https://ngk.wisski.cloud/contents/67b30aaf6cc26
389,mar00037,5aef887c-3e10-452f-bc8b-2815ee02a1ac,https://ngk.wisski.cloud/contents/67b30ab373005
390,mar00700,09bdb74f-1d68-4e51-8594-ef934d75a974,https://ngk.wisski.cloud/contents/67b30ab632373
391,mar00308,80ebe7bd-b258-4e93-a438-1d38e3454e2a,https://ngk.wisski.cloud/contents/67b30ab8e9261
392,mar00283,461d7039-5166-4ef4-92c5-f6de82a67abb,https://ngk.wisski.cloud/contents/67b30aba950b4
393,mar00705,3608e04c-4b98-419e-a267-6d7f58c37d5a,https://ngk.wisski.cloud/contents/67b30abcd9dd1
394,mar00282,cbfccb89-6daf-46a5-bc8b-7891a98fcdd1,https://ngk.wisski.cloud/contents/67b30abf3e83b
395,mar00219,924b742f-a390-4f03-a08c-55d16bd35216,https://ngk.wisski.cloud/contents/67b30ac281dce
396,mar00788,d2e076c8-013a-48ce-aafe-784e3326af83,https://ngk.wisski.cloud/contents/67b30ac51bace
397,mar00426,4b13291b-ddda-4b0c-87a1-ac0024fe896f,https://ngk.wisski.cloud/contents/67b30ac6589f9
398,mar00527,efa298dc-bbff-4f89-883b-96d22c1b6527,https://ngk.wisski.cloud/contents/67b30ac8c1490
399,mar00047,75186240-ec1e-4c97-ab2a-b7afd9c3105e,https://ngk.wisski.cloud/contents/67b30acad23ac
400,mar00630,0621e16a-9184-4b67-a2b3-77ed72bd594f,https://ngk.wisski.cloud/contents/67b30acd6479d
401,mar00177,ed6d70cb-a5af-4156-b016-79aa9b984ee5,https://ngk.wisski.cloud/contents/67b30ad07dc32
402,mar00162,8f6340c0-2988-4064-b9cb-39de8781d47e,https://ngk.wisski.cloud/contents/67b30ad331b1d
403,mar00554,f4c404ef-68fc-4752-9eaa-579d6240f428,https://ngk.wisski.cloud/contents/67b30ad476635
404,mar00691,902dc264-41ba-445f-84a6-70213e9c8bd6,https://ngk.wisski.cloud/contents/67b30ad64e3d3
405,mar00143,9295aa0c-2ebe-4f76-94ed-7015b880430f,https://ngk.wisski.cloud/contents/67b30ad9bfdc5
406,mar00360,e77addf1-3cf7-47ab-9b9e-6634c64e19c4,https://ngk.wisski.cloud/contents/67b30adab5eab
407,mar00836,12e28f9a-266d-4f09-b58b-134dd95c4ec7,https://ngk.wisski.cloud/contents/67b30adcc15fb
408,mar00715,b2c47cab-d477-483e-a0be-d45081331000,https://ngk.wisski.cloud/contents/67b30adfb0ac5
409,mar00711,63e92be5-3276-422d-bb20-a9725616f8b7,https://ngk.wisski.cloud/contents/67b30ae1cfa59
410,mar00824,b9021424-71d3-447b-81b9-ed5259ff7017,https://ngk.wisski.cloud/contents/67b30ae3b1409
411,mar00709,a0c82713-9682-417e-b7f9-47ad4c5009f5,https://ngk.wisski.cloud/contents/67b30ae59080c
412,mar00679,aa251dde-9dd3-4c32-8b5a-a4b737168259,https://ngk.wisski.cloud/contents/67b30ae7ae7a5
413,mar00459,96772836-a492-469b-a335-aca5d26d1221,https://ngk.wisski.cloud/contents/67b30ae90a3e3
414,mar00461,a65072c8-b0f9-409f-8dc5-b3aaa435785a,https://ngk.wisski.cloud/contents/67b30aea54b80
415,mar00677,c6524fa9-449b-4e10-b302-9350dddf04f5,https://ngk.wisski.cloud/contents/67b30af21ce6d
416,mar00306,e790ae1e-ceae-4bd8-bf39-b5d07df5c196,https://ngk.wisski.cloud/contents/67b30af5026d4
417,mar00349,bfba1200-30fd-445b-a9df-5935c82a9e63,https://ngk.wisski.cloud/contents/67b30af7bc4ba
418,bez00054,954cd7c5-de6c-4312-b425-1ed15d3929e4,https://ngk.wisski.cloud/contents/67b30af8c4f4b
419,mar00592,aa26517f-763f-4764-b35d-05c24a6f2f15,https://ngk.wisski.cloud/contents/67b30afba2deb
420,mar00756,b9e674fb-b3b6-4f3d-bdd7-b40b2b2e323f,https://ngk.wisski.cloud/contents/67b30afdb03d0
421,mar00417,c71ee3cb-7f40-449a-b252-f3f093fa297c,https://ngk.wisski.cloud/contents/67b30b012da6b
422,mar00558,4426f94c-3137-4204-b256-a2a846174b3e,https://ngk.wisski.cloud/contents/67b30b02f2648
423,mar00811,0a48267f-a0d3-4c61-b5b7-19fd49c2c084,https://ngk.wisski.cloud/contents/67b30b049abbe
424,mar00716,ecb62185-8d36-48bf-a74b-faf8f51146a1,https://ngk.wisski.cloud/contents/67b30b09d922e
425,mar00095,f489c13d-77a0-4f17-847a-ea806c311f58,https://ngk.wisski.cloud/contents/67b30b0e0f1e0
426,mar00023,c8fb1e5a-25fa-4111-940e-052dc159d607,https://ngk.wisski.cloud/contents/67b30b109619a
427,mar00538,fb6544d8-6d67-4f26-b93e-61432e8e5cb0,https://ngk.wisski.cloud/contents/67b30b1400085
428,mar00446,515fdd1a-e45d-49fe-b9a7-fae1e137f2a5,https://ngk.wisski.cloud/contents/67b30b1604971
429,mar00357,168ed74a-94a0-4c6c-a3d7-453eb6f4be4d,https://ngk.wisski.cloud/contents/67b30b174cdc1
430,mar00345,7ec4e92a-4825-4726-a278-9651b2b846f0,https://ngk.wisski.cloud/contents/67b30b185d22c
431,mar00657,3b90e462-f146-45f9-aa7d-3368c398f30b,https://ngk.wisski.cloud/contents/67b30b1abdd51
432,mar00380,337e0bc3-5891-4613-a5b4-3bf306c192dd,https://ngk.wisski.cloud/contents/67b30b1bddd6b
433,mar00370,b82d52ed-42f7-4bdb-90d9-d69d45c4bdb2,https://ngk.wisski.cloud/contents/67b30b1d4db72
434,mar00625,2e5606dd-acfd-4397-813c-3455414e11c4,https://ngk.wisski.cloud/contents/67b30b1ec680f
435,mar00074,d9b680eb-201b-4df5-bbb2-bb74ef08c7b4,https://ngk.wisski.cloud/contents/67b30b20631ba
436,mar00455,a725e8a1-df94-49a9-9559-08a615a513dc,https://ngk.wisski.cloud/contents/67b30b223df6d
437,mar00336,7a3f441d-1a0a-40cc-b294-30d6cf9d475b,https://ngk.wisski.cloud/contents/67b30b2352a51
438,mar00733,45f6a7d4-3705-4ab8-8a23-df2925deef1f,https://ngk.wisski.cloud/contents/67b30b26157fa
439,mar00466,2dc627f3-e17d-4d17-903f-0f68d8187a1b,https://ngk.wisski.cloud/contents/67b30b2850b39
440,mar00536,8f6bb1bb-1557-41d6-8bbe-e08285f9b0c3,https://ngk.wisski.cloud/contents/67b30b297d843
441,mar00193,f27120a4-4ae9-4ead-9625-3e9c75201283,https://ngk.wisski.cloud/contents/67b30b2cb059d
442,mar00490,93477419-2222-44a9-ad22-9bb36ab8fc4d,https://ngk.wisski.cloud/contents/67b30b2ec324b
443,mar00622,1bc225ed-dbb2-4aba-85a8-6ef6b3ce15a0,https://ngk.wisski.cloud/contents/67b30b30cb927
444,mar00157,d0584829-7009-44dc-8bc1-2dd73bb51228,https://ngk.wisski.cloud/contents/67b30b3409dd5
445,mar00467,beae6f17-7577-4e47-8332-8169b7942ff8,https://ngk.wisski.cloud/contents/67b30b3585237
446,mar00165,833944e4-9824-40dc-a141-84ee8aff9561,https://ngk.wisski.cloud/contents/67b30b36e8b42
447,mar00503,f3d826a0-8439-417b-8a72-1e0c30892b86,https://ngk.wisski.cloud/contents/67b30b38a1601
448,mar00508,f99bebfe-3315-4e19-853e-618234ec434c,https://ngk.wisski.cloud/contents/67b30b3b14a51
449,mar00687,eee5cb4b-b923-451c-b041-c257bd37ae1c,https://ngk.wisski.cloud/contents/67b30b3e81f5f
450,mar00140,d53213b9-2a23-44c7-97df-2e68b63171f8,https://ngk.wisski.cloud/contents/67b30b41e38b3
451,mar00126,03901a8c-a88c-4772-bfaf-cca4402238e1,https://ngk.wisski.cloud/contents/67b30b46192af
452,mar00650,e3b32096-3ab1-4cee-bc07-f1eb2c7d0dc0,https://ngk.wisski.cloud/contents/67b30b48566fa
453,mar00566,5cf3522f-0d68-4ed6-822a-9a99a8bb6379,https://ngk.wisski.cloud/contents/67b30b498997b
454,mar00541,9c02b454-4e26-4b17-b0d5-1e1270c32a8a,https://ngk.wisski.cloud/contents/67b30b4c99cac
455,mar00762,16931ba5-3b29-4959-9fcc-563df60f6fdd,https://ngk.wisski.cloud/contents/67b30b4eb8e0a
456,mar00309,668e493b-e746-4c96-8cab-5eb5d79ed384,https://ngk.wisski.cloud/contents/67b30b51a8076
457,mar00226,504e199d-61a7-4380-ba39-1bb23513cf65,https://ngk.wisski.cloud/contents/67b30b533ce39
458,mar00359,1e15f615-cb6b-4242-aeba-8640682689b4,https://ngk.wisski.cloud/contents/67b30b547c424
459,mar00228,393b6325-3f71-4feb-88ab-505346a53da6,https://ngk.wisski.cloud/contents/67b30b55a3645
460,mar00611,3726900a-b693-4727-a171-79d8f0c32a9f,https://ngk.wisski.cloud/contents/67b30b58d06da
461,mar00637,845ebab8-6b34-4104-8d71-b8fa58155207,https://ngk.wisski.cloud/contents/67b30b5b68268
462,mar00145,2233b745-aa80-4282-8fdd-79ba153152cc,https://ngk.wisski.cloud/contents/67b30b5d39349
463,mar00721,2df26c8d-e538-4dc9-9574-7e3b888b678c,https://ngk.wisski.cloud/contents/67b30b624081e
464,mar00688,d8a6b5af-2c68-4323-9e17-718bbe101b37,https://ngk.wisski.cloud/contents/67b30b6481032
465,mar00181,15ccfc39-b02c-4812-9709-b134267b9230,https://ngk.wisski.cloud/contents/67b30b670ff16
466,mar00456,1ee5171e-3e5d-449f-bb76-0fa0387aaa1e,https://ngk.wisski.cloud/contents/67b30b68c9075
467,mar00644,97a8f915-0c11-4161-b495-4215290050a7,https://ngk.wisski.cloud/contents/67b30b6ca69bb
468,mar00671,db4debfd-47f2-40f1-8256-c3bf3359d7ec,https://ngk.wisski.cloud/contents/67b30b6ea1da6
469,mar00666,fe786b71-0e3f-43a4-ab8b-1fbe0fde3d05,https://ngk.wisski.cloud/contents/67b30b7234a6e
470,mar00797,b7e4715d-4d69-4814-b675-27c2a8a278b0,https://ngk.wisski.cloud/contents/67b30b74458c5
471,mar00736,83977066-ebb0-4a5f-9967-80da60a41888,https://ngk.wisski.cloud/contents/67b30b78a010e
472,mar00385,4c9e3d2c-6cdc-4aa6-a501-b0818ae9d163,https://ngk.wisski.cloud/contents/67b30b7a2127a
473,mar00540,414edc50-906a-4d81-ab63-76538f9a9606,https://ngk.wisski.cloud/contents/67b30b7c6c8c4
474,mar00732,174640de-b843-43d7-8d99-c3fe82a3dbed,https://ngk.wisski.cloud/contents/67b30b7d85444
475,mar00586,e0c3479b-f1b9-4c2c-abd3-9b86a5af2329,https://ngk.wisski.cloud/contents/67b30b8171e3d
476,mar00526,24146f18-6030-4657-b5d3-eda630a85deb,https://ngk.wisski.cloud/contents/67b30b842e132
477,mar00514,09ddfc5f-c989-4622-8b88-b5d62932f63a,https://ngk.wisski.cloud/contents/67b30b85881c1
478,mar00041,dafd2afb-541b-4f72-a94e-831a0511387e,https://ngk.wisski.cloud/contents/67b30b887ed1d
479,mar00682,b8cc8573-3472-42bb-b1ad-dac760f47624,https://ngk.wisski.cloud/contents/67b30b8b8061c
480,mar00120,86ed9d61-cbdb-4f9c-994a-da93cf1a5d51,https://ngk.wisski.cloud/contents/67b30b8f85c7d
481,mar00486,719cda1b-aa1c-4aa0-aa7a-48644d8088a6,https://ngk.wisski.cloud/contents/67b30b913f47c
482,mar00776,efab435f-0adc-4609-a16e-9c0a447fc72c,https://ngk.wisski.cloud/contents/67b30b939401e
483,mar00024,fc364730-1f67-48d0-9360-a25d266b38f5,https://ngk.wisski.cloud/contents/67b30b975819a
484,mar00662,305b69b3-f4e0-4a1c-ad29-cfd74196a912,https://ngk.wisski.cloud/contents/67b30b9996dca
485,mar00502,f16a6cc5-6872-422b-b058-df32a2e49a84,https://ngk.wisski.cloud/contents/67b30b9ac81e3
486,mar00537,081a0b3f-190e-4a98-9a66-3196f3d41220,https://ngk.wisski.cloud/contents/67b30b9c241a8
487,mar00723,73ec8669-f63a-4827-8b30-bb614e0bfafc,https://ngk.wisski.cloud/contents/67b30b9fda688
488,mar00155,0a5b27dd-0e3b-4844-a00c-c2298d33589d,https://ngk.wisski.cloud/contents/67b30ba2a2542
489,mar00583,36930db3-b8a6-412f-9cb4-ae37950f238b,https://ngk.wisski.cloud/contents/67b30ba5eccaa
490,mar00414,2e7f965f-54ce-4e5c-8463-243e3070b38a,https://ngk.wisski.cloud/contents/67b30ba769b8b
491,mar00600,48de0ad4-c693-4391-9bdc-2688afa3dcf5,https://ngk.wisski.cloud/contents/67b30baadc63b
492,mar00730,9fba50ea-f2cb-43fb-b058-fad55ab90466,https://ngk.wisski.cloud/contents/67b30baec11bb
493,mar00533,41b7f145-64de-465d-9b74-a981289398f9,https://ngk.wisski.cloud/contents/67b30bb1a9f0d
494,mar00790,a9fda4aa-601c-402d-9890-d6fae1322486,https://ngk.wisski.cloud/contents/67b30bb3a2631
495,mar00215,5473bb79-a736-440d-b774-3bb1eaba58e6,https://ngk.wisski.cloud/contents/67b30bb9845fe
496,mar00569,0a275aef-6a2e-473e-82aa-ab54dcfeb10b,https://ngk.wisski.cloud/contents/67b30bbb43126
497,mar00311,35e72cb9-4d61-4ff8-8929-e80cd048f8a1,https://ngk.wisski.cloud/contents/67b30bbd3b887
498,mar00390,5dffd11c-a6b6-4980-8ff0-c12c7f38c2a0,https://ngk.wisski.cloud/contents/67b30bbe87d81
499,mar00288,025a3392-81e2-4dde-89f1-f88fad0d3857,https://ngk.wisski.cloud/contents/67b30bc1ef936
500,mar00749,8946f5a0-2d78-4b0f-b25d-3c84f8f5afa2,https://ngk.wisski.cloud/contents/67b30bc34205a
501,mar00059,ae0ecb50-fb39-4e9d-b3ba-f8e5a72e597d,https://ngk.wisski.cloud/contents/67b30bc5e3ac2
502,mar00115,ce34a279-4098-48f0-9e80-665633bcf58c,https://ngk.wisski.cloud/contents/67b30bc7f22e5
503,mar00387,a3990e8d-89b1-436b-8e5d-34d69d03cc0a,https://ngk.wisski.cloud/contents/67b30bc909f87
504,mar00016,02767cce-d833-4b9a-96e0-ec2ab0184f20,https://ngk.wisski.cloud/contents/67b30bd0db75f
505,mar00121,1823db62-45df-46cb-b308-dd646599b2c4,https://ngk.wisski.cloud/contents/67b30bd2dd9ac
506,mar00046,68224dc6-bab5-4771-8d68-eb8319f04def,https://ngk.wisski.cloud/contents/67b30bd542b2b
507,mar00274,1f35a7a0-e5ff-44dc-87fc-2d5ef046bc3f,https://ngk.wisski.cloud/contents/67b30bd7414ec
508,mar00795,a3165470-5251-4069-ae56-610126ce9ee7,https://ngk.wisski.cloud/contents/67b30bd9914e3
509,mar00761,4d888574-be0f-490d-8f42-8b163e97e796,https://ngk.wisski.cloud/contents/67b30bdbc0840
510,mar00220,fde481dc-2e9e-4e5e-bd6f-e66bef5b5c3e,https://ngk.wisski.cloud/contents/67b30bdd85532
511,mar00564,1c1e5743-4629-43e8-9cc6-4e461bc61477,https://ngk.wisski.cloud/contents/67b30be131228
512,mar00544,36a82595-f989-4a07-9be0-0c165ee7e85b,https://ngk.wisski.cloud/contents/67b30be3affce
513,mar00778,3111ee9a-31d9-4de2-902e-1c6fca0fdbbd,https://ngk.wisski.cloud/contents/67b30be532ac6
514,mar00163,09329178-e6a9-4830-9308-550e406b95d8,https://ngk.wisski.cloud/contents/67b30be7be8ab
515,mar00547,c13d7b42-af87-48e6-9edf-cfc5483db611,https://ngk.wisski.cloud/contents/67b30bee6df25
516,mar00021,692d628d-c6d8-49de-9603-0c14319e85ee,https://ngk.wisski.cloud/contents/67b30bf39baa4
517,mar00249,c6ae7fb4-155c-4172-952b-b215b14e044d,https://ngk.wisski.cloud/contents/67b30bf66a41b
518,mar00804,9fcecf7e-1b0e-493f-9ed3-40507820a716,https://ngk.wisski.cloud/contents/67b30bf864235
519,mar00301,31c84f51-8dfe-418d-9d54-c0670243b5ab,https://ngk.wisski.cloud/contents/67b30bfa62beb
520,mar00837,c8a2bf63-4e9f-497c-834b-f553ee580ee9,https://ngk.wisski.cloud/contents/67b30bfc29cfd
521,mar00496,6078c4cd-0a60-4cc7-967e-37c0c78375b6,https://ngk.wisski.cloud/contents/67b30bfe2d410
522,mar00167,0bf2afe8-7a36-4ed8-a5f4-d510a548fb8b,https://ngk.wisski.cloud/contents/67b30c0104636
523,mar00323,4e02191d-01b1-482d-9efa-dbce2da79d2d,https://ngk.wisski.cloud/contents/67b30c0249bff
524,mar00054,373051e2-15b7-47eb-8ebf-05c1456db015,https://ngk.wisski.cloud/contents/67b30c04d405d
525,mar00386,4817529b-2615-437e-a334-38b41e187b49,https://ngk.wisski.cloud/contents/67b30c062e708
526,mar00184,ae913d6b-dca9-4445-b4a5-845c0371b415,https://ngk.wisski.cloud/contents/67b30c0965d17
527,mar00158,597c7e6c-7159-4779-b5af-0738d82ac42b,https://ngk.wisski.cloud/contents/67b30c0b3be54
528,mar00812,0f4eed7b-ecce-43f4-9ba2-208fb8cb1e96,https://ngk.wisski.cloud/contents/67b30c0c437e4
529,mar00453,f8bd9b9c-e0ba-4366-9dd5-a79abbe79171,https://ngk.wisski.cloud/contents/67b30c0d748b6
530,mar00164,39ba5602-2535-47af-9a29-bfe36f7857c0,https://ngk.wisski.cloud/contents/67b30c0f937d0
531,mar00424,46326587-93db-45a3-a41d-b92ab29ffa70,https://ngk.wisski.cloud/contents/67b30c116c045
532,mar00324,f06daddf-5540-49e5-b602-a6cee5843e5a,https://ngk.wisski.cloud/contents/67b30c12c3fda
533,mar00478,c87aec56-c223-4808-866e-7c2476aba980,https://ngk.wisski.cloud/contents/67b30c142c9a4
534,mar00640,133830be-9386-457e-a850-32ca9f68a8aa,https://ngk.wisski.cloud/contents/67b30c174a663
535,mar00734,381e0e64-88ea-4a86-a4e8-8294c7441ac1,https://ngk.wisski.cloud/contents/67b30c1d02714
536,mar00146,0981c5e3-6be2-4b52-9245-308504fde9f7,https://ngk.wisski.cloud/contents/67b30c1fa12cc
537,mar00141,25d497d0-db27-46e0-bfec-1b3ef2b78fa9,https://ngk.wisski.cloud/contents/67b30c233152c
538,mar00433,830b2ccd-5760-49e4-bed9-89de9e7460bb,https://ngk.wisski.cloud/contents/67b30c256c085
539,mar00006,1f4a7e50-7675-4773-a478-08d14c8d314d,https://ngk.wisski.cloud/contents/67b30c26deb5b
540,mar00814,d33d4f2b-de75-4674-9e78-2e0981741af0,https://ngk.wisski.cloud/contents/67b30c289a4d0
541,mar00801,db935a61-1f0f-4bcc-b8a2-8cacd70d0ae6,https://ngk.wisski.cloud/contents/67b30c2a6e34f
542,mar00449,16975e25-2f3d-46df-b3b6-b42d4eb085f3,https://ngk.wisski.cloud/contents/67b30c2cf20ea
543,mar00665,9df2e46d-9ce8-43e7-a219-32dd3fa3c518,https://ngk.wisski.cloud/contents/67b30c30a6723
544,mar00005,fc0b86c1-59b2-4df4-9185-b62cdb44e7c7,https://ngk.wisski.cloud/contents/67b30c341bab7
545,mar00523,2109df9b-fe82-4f2a-b403-b7a4dc3591a4,https://ngk.wisski.cloud/contents/67b30c3735b47
546,mar00784,c791e045-205d-44c2-9b06-291a0dd218a3,https://ngk.wisski.cloud/contents/67b30c3893c3d
547,mar00358,70259fa3-6c59-40a2-8efc-a497abcb5dc4,https://ngk.wisski.cloud/contents/67b30c3fa551c
548,mar00086,161e02ac-28b9-49ab-bd17-6ad26160e369,https://ngk.wisski.cloud/contents/67b30c427f50d
549,mar00698,ac04fe8d-eff2-4297-b191-07824005839d,https://ngk.wisski.cloud/contents/67b30c44adb6d
550,mar00036,1633948f-0c18-4714-9a20-d06bf6db3d53,https://ngk.wisski.cloud/contents/67b30c495f7b6
551,mar00175,da4a6c53-9918-4f5a-87b2-7b8be214f20e,https://ngk.wisski.cloud/contents/67b30c4e283a6
552,mar00746,465e5e43-f0e8-4ad6-b0ac-1dfe49dc7122,https://ngk.wisski.cloud/contents/67b30c513f6e9
553,mar00480,b7fc7ad5-4f48-49d5-b987-56f98d96f490,https://ngk.wisski.cloud/contents/67b30c520b7df
554,mar00264,906582ea-7773-4705-aba9-290176765db6,https://ngk.wisski.cloud/contents/67b30c54ef358
555,mar00100,31191545-b1b5-4024-9491-3335de4f7a64,https://ngk.wisski.cloud/contents/67b30c590cb15
556,mar00707,956b18ea-efde-40c4-94c3-c5568619c578,https://ngk.wisski.cloud/contents/67b30c60c9326
557,mar00717,61fc2cd3-8ca6-438c-8fbe-24f926c0012a,https://ngk.wisski.cloud/contents/67b30c62de791
558,mar00260,9e78aeff-2690-404a-bba7-fe7e3748acd1,https://ngk.wisski.cloud/contents/67b30c6868d2d
559,mar00745,10b0e865-5a52-44f8-a929-cc3a41c27478,https://ngk.wisski.cloud/contents/67b30c7f853e3
560,mar00182,9e35b09a-7bb2-44c3-ab26-acca903fc84b,https://ngk.wisski.cloud/contents/67b30c87a3e03
561,mar00481,389c4ebf-361b-45d7-ad0f-45e6da84d05f,https://ngk.wisski.cloud/contents/67b30c89adb88
562,mar00026,83206dce-8ced-47db-bf5e-e02443343de2,https://ngk.wisski.cloud/contents/67b30c8e922d7
563,mar00367,f05b38b7-347c-464c-ba4c-a07bd14c2567,https://ngk.wisski.cloud/contents/67b30c90342ef
564,mar00813,8b145ecd-e128-4449-91ed-d0d06d679de3,https://ngk.wisski.cloud/contents/67b30c93c4c98
565,mar00328,77285b86-f38c-4798-ba31-f9777382e531,https://ngk.wisski.cloud/contents/67b30c961e8ea
566,mar00070,8340b292-7b6d-4b2f-b1ad-c35b8d721f2f,https://ngk.wisski.cloud/contents/67b30c98e31fa
567,mar00233,e947cc5d-ea63-496e-9e0a-ac698dd5f2da,https://ngk.wisski.cloud/contents/67b30c9a994ca
568,mar00117,bcec6d07-68e4-4b0c-ae53-818a822ffec4,https://ngk.wisski.cloud/contents/67b30c9d3aeaa
569,mar00718,e35ab105-6ee0-4dac-99cd-77f16bc51b45,https://ngk.wisski.cloud/contents/67b30c9f410dc
570,mar00147,3255653f-f2f9-4d65-bb42-1bb3b04e63e6,https://ngk.wisski.cloud/contents/67b30ca292418
571,mar00670,67cecb9b-c46b-4ca0-9c28-9d47148c831f,https://ngk.wisski.cloud/contents/67b30ca54bfad
572,mar00773,53eb246d-73b3-4c5a-bba6-b3d4fa6f03bd,https://ngk.wisski.cloud/contents/67b30ca74dcca
573,mar00231,b6a1d3c2-ff0c-4531-8a26-360b8c66d9c7,https://ngk.wisski.cloud/contents/67b30ca94b62d
574,mar00831,5d164203-96fb-4343-af07-45123b089db3,https://ngk.wisski.cloud/contents/67b30cab37777
575,mar00633,1ff6087b-b73a-420b-a8d6-0e8566669dbd,https://ngk.wisski.cloud/contents/67b30caec8ebc
576,mar00088,b69d0fe3-6af4-4b29-aaa2-e7af6039ea50,https://ngk.wisski.cloud/contents/67b30cb28024d
577,mar00198,5dea7d7c-a5f0-46a9-bb7b-ad4aa3230f31,https://ngk.wisski.cloud/contents/67b30cb58663e
578,mar00318,58124bc3-d906-409d-9c30-2ed1375fb405,https://ngk.wisski.cloud/contents/67b30cb69a575
579,mar00075,e0265d23-ec0c-47e9-800a-60f733b6397b,https://ngk.wisski.cloud/contents/67b30cb996dfe
580,mar00072,5031a3c9-4a15-4a03-ab0d-a40a3f80a2ef,https://ngk.wisski.cloud/contents/67b30cbc41391
581,mar00197,8028ca76-1249-44d8-93b5-50ce211f92c7,https://ngk.wisski.cloud/contents/67b30cbe00eda
582,mar00800,22e1f00d-658e-4a10-a245-3975d3069e2e,https://ngk.wisski.cloud/contents/67b30cc1037f0
583,mar00081,934070b4-828f-4f22-bfa1-ea7ddaa17fc0,https://ngk.wisski.cloud/contents/67b30cc3ad7e0
584,mar00581,62e16112-ccfa-4a5e-af68-c857b1be198f,https://ngk.wisski.cloud/contents/67b30cc5d4ca9
585,mar00780,9b834d80-979d-4eec-b018-30dfb626afc5,https://ngk.wisski.cloud/contents/67b30cc65abf5
586,mar00153,9dabe95b-501e-444d-ba15-558ae6b30ec3,https://ngk.wisski.cloud/contents/67b30cc8c1f74
587,mar00011,09195051-aea2-40ee-afe0-9bb7ce4443a7,https://ngk.wisski.cloud/contents/67b30ccaea7aa
588,mar00139,ead5dd7f-9c96-4ac6-b15b-e20c749e35c8,https://ngk.wisski.cloud/contents/67b30ccd706e2
589,mar00044,876cd0a3-10d7-4f46-8c0e-4251b0ae2f28,https://ngk.wisski.cloud/contents/67b30ccfc11ed
590,mar00672,70ace4cb-a497-41cc-a3ae-f468bdefddc3,https://ngk.wisski.cloud/contents/67b30cd696c6b
591,mar00397,c2fce386-15f0-4506-888f-4d230eab1ff2,https://ngk.wisski.cloud/contents/67b30cd847aa0
592,mar00330,0d5a8b17-0ff1-4551-8afa-7a253199acc0,https://ngk.wisski.cloud/contents/67b30cd9bb5a3
593,mar00602,2cece2a2-627e-472a-b2d7-9ce2ccaba011,https://ngk.wisski.cloud/contents/67b30cdaba071
594,mar00290,d3a8ea8b-0f08-484c-a27e-512de670f699,https://ngk.wisski.cloud/contents/67b30cde01909
595,mar00333,4351b6e9-0c70-42a0-bb6b-7672a6a5339c,https://ngk.wisski.cloud/contents/67b30cdfa057d
596,mar00646,1dd694a5-a997-45b5-b143-a588f2398c4c,https://ngk.wisski.cloud/contents/67b30ce39acb7
597,mar00030,1fbe0c1e-6bd0-406d-b23b-eb050f4fdffb,https://ngk.wisski.cloud/contents/67b30ced2098b
598,mar00273,eb1b4196-7365-43ed-bb7f-4d7ac972c3c1,https://ngk.wisski.cloud/contents/67b30cf1d3807
599,mar00087,9cbf1f7f-d008-4254-ae13-d3e8aacbdb95,https://ngk.wisski.cloud/contents/67b30d00ac8ad
600,mar00243,f22267d2-d3b6-4ee5-9bf7-fbc689cfdced,https://ngk.wisski.cloud/contents/67b30d0549438
601,mar00049,134da4f3-77b2-4582-9d7b-262692f2badf,https://ngk.wisski.cloud/contents/67b30d06afaef
602,mar00014,290d1d3d-a8c9-4247-922a-1da562fb295c,https://ngk.wisski.cloud/contents/67b30d144d751
603,mar00227,ccc9947a-aade-4072-a86a-c8cc63c07b76,https://ngk.wisski.cloud/contents/67b30d197d0af
604,mar00310,9962c309-eb62-44cf-9f0c-5b9a4e4352b8,https://ngk.wisski.cloud/contents/67b30d1d58dda
605,mar00195,672acf50-e7fb-4ee8-90ef-d5974cd76b85,https://ngk.wisski.cloud/contents/67b30d1f15fb6
606,mar00334,bde5215a-8f41-474e-ba6b-bebbaf913fee,https://ngk.wisski.cloud/contents/67b30d2042f84
607,mar00667,1c465c9f-7dae-401a-a21c-3c85d3ed8b41,https://ngk.wisski.cloud/contents/67b30d2394d15
608,mar00091,3d8316c3-0435-4b6e-b4c0-56e084a71740,https://ngk.wisski.cloud/contents/67b30d32a2f7c
609,mar00430,71d3e6b4-2cfc-47bf-89e5-4045e86f5ed9,https://ngk.wisski.cloud/contents/67b30d360ae2b
610,mar00739,295fca5f-f97c-4a73-bd6c-39a4378fa728,https://ngk.wisski.cloud/contents/67b30d37e4b21
611,mar00840,be62bc07-546c-4b27-9669-48553eaac6b3,https://ngk.wisski.cloud/contents/67b30d3a62a1f
612,mar00295,ee117f47-24ca-4d67-aa9d-519b25947fbf,https://ngk.wisski.cloud/contents/67b30d406aea2
613,mar00341,4ee98453-1148-4909-abad-bf49c05b9fe6,https://ngk.wisski.cloud/contents/67b30d4347a37
614,mar00366,f6e92581-6a03-474d-8570-2114203234e7,https://ngk.wisski.cloud/contents/67b30d447d6b9
615,mar00221,f43987d1-8d9f-48bd-aaf6-7e0a9381d6c5,https://ngk.wisski.cloud/contents/67b30d48082e7
616,mar00111,5f9d208b-4f90-4469-82be-94233a27e852,https://ngk.wisski.cloud/contents/67b30d4a5d2fd
617,mar00171,77e962b3-b3c9-4d2a-a086-8046e080b41a,https://ngk.wisski.cloud/contents/67b30d4eeb50e
618,mar00108,d9a1d7f2-a41f-4e64-82fd-a65df65b4dfe,https://ngk.wisski.cloud/contents/67b30d51b33de
619,mar00567,bfc08cc4-43b3-4499-8eae-070a48a43883,https://ngk.wisski.cloud/contents/67b30d5445b4e
620,mar00543,a2e7250d-e86a-47e8-95fb-48f2c90b0fbb,https://ngk.wisski.cloud/contents/67b30d55a50dd
621,mar00361,f8707b53-707e-48e5-9f9d-0259c6d3ac99,https://ngk.wisski.cloud/contents/67b30d56ce5f6
622,mar00431,c2fb188c-cafb-48c6-b4a8-802dfd20b814,https://ngk.wisski.cloud/contents/67b30d581f862
623,mar00204,69e5fcb8-667d-4c77-956e-f5c17f756909,https://ngk.wisski.cloud/contents/67b30d5a7e518
624,mar00186,b33a33ef-cbb0-4655-a184-2f0ca206530a,https://ngk.wisski.cloud/contents/67b30d5c824ef
625,mar00591,e5834280-ab93-4d7c-8bf6-9d1fbad5d33d,https://ngk.wisski.cloud/contents/67b30d64868f4
626,mar00755,a5f63dd2-033c-4ed0-acf1-9ea7afa9eecd,https://ngk.wisski.cloud/contents/67b30d67c5ab2
627,mar00610,57d92512-e515-4a5c-aa0a-d1e8c8125ee5,https://ngk.wisski.cloud/contents/67b30d6929b2c
628,mar00268,ac5513e2-c1de-4b85-9a24-35aa2aa470dc,https://ngk.wisski.cloud/contents/67b30d6b5435f
629,mar00530,7daddc77-6026-470f-9305-eb2776c1ee0a,https://ngk.wisski.cloud/contents/67b30d6dee35b
630,mar00735,7a99e710-9290-40ef-995b-3eb7015458fd,https://ngk.wisski.cloud/contents/67b30d7127299
631,mar00774,0d0f0fa4-864e-489a-9414-8c937404d9eb,https://ngk.wisski.cloud/contents/67b30d731fad4
632,mar00796,0e327bfd-4280-42d1-b4e8-b8cc63c2eec9,https://ngk.wisski.cloud/contents/67b30d74b8a19
633,mar00763,1a6c3231-550c-481a-b2df-d9716d720df7,https://ngk.wisski.cloud/contents/67b30d76758b2
634,mar00822,ed7606a4-a846-4b89-b1ba-f402c7cad107,https://ngk.wisski.cloud/contents/67b30d78b6c10
635,mar00823,a5ecca1f-5c3f-41cd-9c08-3b5dacd93f60,https://ngk.wisski.cloud/contents/67b30d79daa4c
636,mar00128,cf10c1d4-10dd-47e6-9fd1-f5e6112d99bd,https://ngk.wisski.cloud/contents/67b30d7c363fe
637,mar00321,cb4734c9-7bfe-45fd-878d-bced709788b7,https://ngk.wisski.cloud/contents/67b30d7dacd10
638,mar00498,2da5b3ec-f243-4423-bec5-f90a5756356c,https://ngk.wisski.cloud/contents/67b30d7ef3163
639,mar00289,4ba5c8c3-f89a-4051-9a28-201a5f1eb47b,https://ngk.wisski.cloud/contents/67b30d813cc15
640,mar00125,eb626784-9c95-4853-bbb3-f9d21bc7cfa3,https://ngk.wisski.cloud/contents/67b30d83940d4
641,mar00363,4da78520-6252-4533-873f-1c929347984f,https://ngk.wisski.cloud/contents/67b30d84eb292
642,mar00685,24229b7c-3ae5-40fe-a662-661ab1627de9,https://ngk.wisski.cloud/contents/67b30d8747c25
643,mar00130,e7fe166e-1b8b-4e51-9cbc-1a1013c96283,https://ngk.wisski.cloud/contents/67b30d898ece0
644,mar00542,97afb8e1-6dd1-40b9-9d67-add50546daad,https://ngk.wisski.cloud/contents/67b30d8b057a9
645,mar00674,9f21f52d-0d36-430c-8f2c-6539512ede06,https://ngk.wisski.cloud/contents/67b30d9090b52
646,mar00627,cf3121e6-69d0-4677-86a2-3d4f5762651d,https://ngk.wisski.cloud/contents/67b30d9318d21
647,mar00396,03d37e9d-e8c3-4464-b841-1f95bcbb4ed2,https://ngk.wisski.cloud/contents/67b30d95325b0
648,mar00052,ebd88941-b41f-46f6-a057-c4404041e300,https://ngk.wisski.cloud/contents/67b30d975d7de
649,mar00463,c3017729-4ccb-433e-93a5-0bc7bf7ac9d1,https://ngk.wisski.cloud/contents/67b30d991ef3a
650,mar00703,ea8eadc5-fd9c-4eb5-89a0-db5dde7cecaf,https://ngk.wisski.cloud/contents/67b30d9d87439
651,mar00681,4706e1f1-7094-4149-989c-21f2f9a06013,https://ngk.wisski.cloud/contents/67b30d9f9efad
652,mar00114,6d29bb1f-5bd6-4694-9221-ca278cebde6a,https://ngk.wisski.cloud/contents/67b30da47b544
653,mar00073,c93949be-84a2-4a38-965d-2244f6d3522c,https://ngk.wisski.cloud/contents/67b30da829542
654,mar00368,31f7ef05-d2b2-4e36-99d3-05677ba34729,https://ngk.wisski.cloud/contents/67b30da97b73b
655,mar00604,b8e56b9e-a98a-43dd-9807-ed5e8b37191d,https://ngk.wisski.cloud/contents/67b30daa65794
656,mar00550,e7b501f8-c7db-415d-9834-0f93d6404810,https://ngk.wisski.cloud/contents/67b30dacd1285
657,mar00365,63717892-03a1-4c98-ba8c-65930b9850f8,https://ngk.wisski.cloud/contents/67b30dae566d5
658,mar00757,1d9e24b2-6709-4073-89b7-9f19c064b88a,https://ngk.wisski.cloud/contents/67b30db07f6c8
659,mar00515,800a374a-1cd1-448b-98cb-279570c102b0,https://ngk.wisski.cloud/contents/67b30db1e321c
660,mar00027,ee26a53c-7ca3-476d-8c8c-461e604aab56,https://ngk.wisski.cloud/contents/67b30db4228f3
661,mar00819,2cb03b96-fd46-403e-8517-79a291c81430,https://ngk.wisski.cloud/contents/67b30db6b3111
662,mar00686,321a19e7-f0df-4149-b1e1-872615955a6e,https://ngk.wisski.cloud/contents/67b30db8f053b
663,mar00555,97ccf214-c927-40b5-9312-b2d6a4b002af,https://ngk.wisski.cloud/contents/67b30db9c1b58
664,mar00208,4ccccc4c-9c30-48ce-a009-2bc30ef55fbb,https://ngk.wisski.cloud/contents/67b30dbd95856
665,mar00724,8442972e-cbfe-4d9e-9db1-73eb18d3bcd9,https://ngk.wisski.cloud/contents/67b30dbf91a48
666,mar00259,1fc89b1b-7438-4514-99fa-bdfa5ebdd743,https://ngk.wisski.cloud/contents/67b30dc21e2ea
667,mar00343,c171c6a6-d2fb-4bb4-98af-055187e5a4e5,https://ngk.wisski.cloud/contents/67b30dc3698ea
668,mar00206,14de071e-9d2d-45d7-9fa4-74aa22ef39af,https://ngk.wisski.cloud/contents/67b30dc4aa0f3
669,mar00839,29b1569f-de6d-4c5d-8fec-08fc29820fb0,https://ngk.wisski.cloud/contents/67b30dc7092b5
670,mar00568,204bf47b-8c68-4299-a57b-077715cbc407,https://ngk.wisski.cloud/contents/67b30dc924504
671,mar00240,51c5a332-2e7a-4f73-b789-bacc49c3fd9b,https://ngk.wisski.cloud/contents/67b30dcc8af03
672,mar00728,46c62d52-8057-4f03-9e13-3ef2cb43095c,https://ngk.wisski.cloud/contents/67b30dcef09f8
673,mar00335,e72e1c82-f638-4947-b55d-f3fd4c58ee7d,https://ngk.wisski.cloud/contents/67b30dd0309fe
674,mar00750,dd11e79a-dccf-4d55-81af-3b9a8230b521,https://ngk.wisski.cloud/contents/67b30dd18fb71
675,mar00787,7e86a213-25b1-40cf-b2e4-5a6b1a901f96,https://ngk.wisski.cloud/contents/67b30dd40137c
676,mar00737,3b4dc410-c2ce-49d0-af19-38c4edb6f977,https://ngk.wisski.cloud/contents/67b30dd6be043
677,mar00271,66073259-3590-4147-850c-9753aab4aadf,https://ngk.wisski.cloud/contents/67b30dd86509c
678,mar00645,38781646-7e42-4ebc-aaf2-65060a4a0373,https://ngk.wisski.cloud/contents/67b30dd9a0cf2
679,mar00399,e4f6631b-86d7-41ec-8f6f-5ac9ed79f3f0,https://ngk.wisski.cloud/contents/67b30ddb1cd40
680,mar00050,142fbd94-9b01-4808-9ade-877b998289af,https://ngk.wisski.cloud/contents/67b30ddd7cac9
681,mar00791,ce5bb9cd-6ed1-4e0e-ae71-7b8720a33480,https://ngk.wisski.cloud/contents/67b30ddf70781
682,mar00294,a0a3b45f-7478-46ce-b880-0bf6d06ecc8f,https://ngk.wisski.cloud/contents/67b30de1aa766
683,mar00470,d847e8ab-ada2-464f-8820-dc7f15ac548d,https://ngk.wisski.cloud/contents/67b30de38f326
684,mar00451,2e75ec03-c8d4-4734-809f-5a8849cacfec,https://ngk.wisski.cloud/contents/67b30de493291
685,mar00413,32a8944e-4e44-4b47-bb48-cb05b9e104cd,https://ngk.wisski.cloud/contents/67b30de61660c
686,mar00651,3deadf37-1b7c-4da8-8ccd-2fd73a66ea50,https://ngk.wisski.cloud/contents/67b30de71bd37
687,mar00245,71db5d5f-82c2-4a52-867b-3c91e6bb6ffc,https://ngk.wisski.cloud/contents/67b30de9a5ab0
688,mar00270,c6955131-24c9-4e6d-a6e7-19580b93525e,https://ngk.wisski.cloud/contents/67b30deb6dc15
689,mar00300,ed7a1fb9-8bb8-4646-a2ee-e4e9a5b9452d,https://ngk.wisski.cloud/contents/67b30ded7392a
690,mar00747,d1b91fd9-4180-4b38-929b-e612050e07ed,https://ngk.wisski.cloud/contents/67b30df0aee9b
691,mar00741,56ad67ca-dfe0-4579-b9bd-aff6bc6e41d0,https://ngk.wisski.cloud/contents/67b30e00d493e
692,mar00460,13299178-1e18-42bc-8939-995bc515b905,https://ngk.wisski.cloud/contents/67b30e046a362
693,mar00403,042927ef-33ca-4d3b-a65c-fd57c1681bc9,https://ngk.wisski.cloud/contents/67b30e06103b7
694,mar00799,1357430e-f2eb-44f4-a912-22489171a031,https://ngk.wisski.cloud/contents/67b30e06a61b9
695,mar00462,831725c7-1e0a-48c9-99f1-74f122de46a7,https://ngk.wisski.cloud/contents/67b30e07ec1db
696,mar00241,3b2757f0-e73f-4c9a-8f9c-f8090ec6bd19,https://ngk.wisski.cloud/contents/67b30e0a7613d
697,mar00448,0de0fa85-ffac-4e93-9ef8-e4b53bb85896,https://ngk.wisski.cloud/contents/67b30e0c589c7
698,mar00319,23442496-3f20-4d39-a6ea-b88c7dd552c9,https://ngk.wisski.cloud/contents/67b30e0d4b9e1
699,mar00487,2b0e9f36-e728-4f10-a4f0-310b7a61cd2f,https://ngk.wisski.cloud/contents/67b30e0ec06e3
700,mar00160,88c43c4a-c72e-4791-ab8d-e9974229f788,https://ngk.wisski.cloud/contents/67b30e108d2fc
701,mar00304,e6e8cf89-3d1e-4fda-bd9e-383637f4de2e,https://ngk.wisski.cloud/contents/67b30e115a45d
702,mar00225,88fc6202-fce2-463b-89a8-a59f5a21be69,https://ngk.wisski.cloud/contents/67b30e146419d
703,mar00051,0a10d464-9a64-4c8a-ab09-bc91024c10fe,https://ngk.wisski.cloud/contents/67b30e187777e
704,mar00296,f0fd179f-cc34-4357-8958-b116b7fe70e1,https://ngk.wisski.cloud/contents/67b30e1a640c1
705,mar00096,c3f37370-80d4-445c-abb2-2ca2c261dcad,https://ngk.wisski.cloud/contents/67b30e1d6deef
706,mar00641,53c04237-40f6-4aeb-8e45-7749ac1c2819,https://ngk.wisski.cloud/contents/67b30e205a7ff
707,mar00040,7cbb0758-dc04-4e28-8b4b-dc06783a1875,https://ngk.wisski.cloud/contents/67b30e276892b
708,mar00422,c56a7136-4dd5-4cff-adb1-04036bdf87f2,https://ngk.wisski.cloud/contents/67b30e28b3785
709,mar00798,2b0b8735-0e7f-438a-bb5f-bea48b0674d9,https://ngk.wisski.cloud/contents/67b30e2af3cbb
710,mar00056,6ea1a7bb-508f-4558-bb7e-9f3410c0ba18,https://ngk.wisski.cloud/contents/67b30e2c9a114
711,mar00497,cbc5ab09-95c0-48e0-a703-0b283f547096,https://ngk.wisski.cloud/contents/67b30e2e7f1fe
712,mar00254,47ee28d9-0aed-40bb-98d9-eac30f624638,https://ngk.wisski.cloud/contents/67b30e2f8f7bb
713,mar00092,01c1f97e-84f8-43f8-bf58-0c6ad6d83527,https://ngk.wisski.cloud/contents/67b30e3a1d82e
714,mar00636,e6de4b71-b691-4052-a16b-d4885830394e,https://ngk.wisski.cloud/contents/67b30e3c25326
715,mar00183,2025fca5-615a-4ade-9631-ab87e6af58f8,https://ngk.wisski.cloud/contents/67b30e3ebdfd9
716,mar00247,9928ac31-4011-4eb9-8845-1a4687ba68e4,https://ngk.wisski.cloud/contents/67b30e41a3e3e
717,mar00265,85cc5133-edb9-484b-8421-360b1bcdd704,https://ngk.wisski.cloud/contents/67b30e44915c5
718,mar00350,7b6a7e6a-d526-4e7b-bd36-e366d36eba21,https://ngk.wisski.cloud/contents/67b30e45d7723
719,mar00400,53f05f05-9bee-40bb-9202-47394e3f6f9d,https://ngk.wisski.cloud/contents/67b30e472cabd
720,mar00214,fcf78790-ebbf-49ee-b04f-57658c00d3fb,https://ngk.wisski.cloud/contents/67b30e4c3f6b9
721,mar00697,8081c33e-02d3-41e5-bfb2-616a01a63467,https://ngk.wisski.cloud/contents/67b30e4fa37d8
722,mar00398,a44c5e80-aa33-40a5-908c-635c8de583e8,https://ngk.wisski.cloud/contents/67b30e517f8b6
723,mar00154,7d5bc820-f1e4-4f80-9aba-ee1ed1e07479,https://ngk.wisski.cloud/contents/67b30e55b687f
724,mar00805,6d0c4bed-c6b3-4eb8-9a33-8c1b15dcb07e,https://ngk.wisski.cloud/contents/67b30e57e6b8d
725,mar00676,b0cfc936-a8db-452c-badc-e38057f5be77,https://ngk.wisski.cloud/contents/67b30e5b753bb
726,mar00472,07dbf0e8-0a50-4d7e-a6ee-6afc0e6571c3,https://ngk.wisski.cloud/contents/67b30e5e1dd29
727,mar00473,14eb984a-fe97-4433-8ff5-719891740415,https://ngk.wisski.cloud/contents/67b30e5f7fef1
728,mar00484,a173ecb5-7f49-41a2-9f2a-f7e92d7a4975,https://ngk.wisski.cloud/contents/67b30e61e20bd
729,mar00772,b39a67d7-f518-4a18-b5c1-cd49a45fefaa,https://ngk.wisski.cloud/contents/67b30e6341768
730,mar00517,58d63d62-5412-4246-ab56-3aa4128c1191,https://ngk.wisski.cloud/contents/67b30e653dabe
731,mar00494,aa86b5f7-ba39-47b0-bafb-204f5ec05f1e,https://ngk.wisski.cloud/contents/67b30e668c6c7
732,mar00257,32bffaf1-ac8c-42a9-9d4d-0b463db67d99,https://ngk.wisski.cloud/contents/67b30e690fd65
733,mar00485,1ea8f986-a05f-4423-b13b-e4a8beae56d6,https://ngk.wisski.cloud/contents/67b30e6b266cc
734,mar00104,8bc20ce2-424a-448c-932f-892461925214,https://ngk.wisski.cloud/contents/67b30e6dd7ae9
735,mar00620,bf9a427c-ad29-4fc5-9b20-ee60248aa244,https://ngk.wisski.cloud/contents/67b30e71dcdc6
736,mar00246,ee5b98f3-fca2-40e6-b9e4-671f1ff0bbb8,https://ngk.wisski.cloud/contents/67b30e73d63aa
737,mar00522,a787b02c-e255-445b-ba4c-306bfeb3e5b3,https://ngk.wisski.cloud/contents/67b30e76d4deb
738,mar00501,f2e82e47-3dba-4f8a-8fb6-ca3f19a50791,https://ngk.wisski.cloud/contents/67b30e7d0e4fd
739,mar00356,6aac487e-06cb-4dfd-bc7e-7476fdc8c050,https://ngk.wisski.cloud/contents/67b30e7e99542
740,mar00346,f19b23d2-ad54-40e7-9fd5-3833f82ece4d,https://ngk.wisski.cloud/contents/67b30e803aa2a
741,mar00122,42d6a731-5aa3-4984-b8d6-8c82ef7184d5,https://ngk.wisski.cloud/contents/67b30e834d811
742,mar00192,79abeddc-6f1b-447f-93d8-18877527e982,https://ngk.wisski.cloud/contents/67b30e866d268
743,mar00229,b546b5aa-50f7-4a29-b308-6a228261bf09,https://ngk.wisski.cloud/contents/67b30e8baaf2f
744,mar00406,0a66c21e-3b04-4395-bc07-633de3dbfb19,https://ngk.wisski.cloud/contents/67b30e8e63605
745,mar00237,ab3e0a83-53fd-4d52-8007-1587cc6f8fae,https://ngk.wisski.cloud/contents/67b30e90dbca2
746,mar00312,64887791-7b93-4e41-9a59-604702420659,https://ngk.wisski.cloud/contents/67b30e92ea879
747,mar00083,d43ce043-5c17-4fa9-8a01-f952a9320b9e,https://ngk.wisski.cloud/contents/67b30e953267b
748,mar00022,25751edf-49ad-49cd-98bd-1b61f7239ba6,https://ngk.wisski.cloud/contents/67b30e9ab7345
749,mar00242,a9f3f910-0f8a-4f6b-b106-5c5718e1f954,https://ngk.wisski.cloud/contents/67b30ea1f2aed
750,mar00764,3901af56-ad90-4642-9b76-ffc185a10440,https://ngk.wisski.cloud/contents/67b30ea2f33ba
751,mar00754,3e2800b9-2e4f-4546-a3c8-1a0d9258d5ad,https://ngk.wisski.cloud/contents/67b30ea43d07a
752,mar00151,2f593acf-a3f3-4b15-8230-7aa6440747ea,https://ngk.wisski.cloud/contents/67b30ea6eb161
753,mar00276,1d0d0b6b-2cac-42f8-9e74-e72207912c6a,https://ngk.wisski.cloud/contents/67b30ea8ceef1
754,mar00002,08a0f354-016d-4570-8cdd-775cb5b6a6b0,https://ngk.wisski.cloud/contents/67b30ead10008
755,mar00710,c245a834-aac0-4ade-8d78-20de1e766ba2,https://ngk.wisski.cloud/contents/67b30eaec65a0
756,mar00210,4ffb3407-4aad-42da-b403-6f1a5593d4e6,https://ngk.wisski.cloud/contents/67b30eaf5aed3
757,mar00362,1092df5e-88be-432e-a911-9b12b749f22e,https://ngk.wisski.cloud/contents/67b30eb050a60
758,mar00441,0f461f76-4daf-405c-89b5-a770d3dbbb76,https://ngk.wisski.cloud/contents/67b30eb153d97
759,mar00222,aba2084b-657d-457d-ae2e-cffca002c9bf,https://ngk.wisski.cloud/contents/67b30eb3ec71c
760,mar00352,8815e80f-241d-4b11-89c7-67cc37ed6737,https://ngk.wisski.cloud/contents/67b30eb50472e
761,mar00482,de4a4ccd-a6d5-4b82-be2c-bf8ca72ab56d,https://ngk.wisski.cloud/contents/67b30eb6b00d8
762,mar00642,5fc9c538-415c-4a11-a2ca-659d72b3d046,https://ngk.wisski.cloud/contents/67b30eb9d4c51
763,mar00838,21d48764-972a-4351-aab4-8c7c096a1503,https://ngk.wisski.cloud/contents/67b30ebc169b6
764,mar00391,fbf7a9be-3d00-4f9b-8db0-40c3abf47ae0,https://ngk.wisski.cloud/contents/67b30ebd60c33
765,mar00507,760c792c-9e69-46f4-b869-8996994ac7f0,https://ngk.wisski.cloud/contents/67b30ebef2a91
766,mar00201,5c2be44e-7353-4dab-943b-9a2b3fa907a1,https://ngk.wisski.cloud/contents/67b30ec0a6b18
767,mar00559,e6f03af3-67de-45a1-bf2f-068967feeb1b,https://ngk.wisski.cloud/contents/67b30ec1b7d13
768,mar00454,565d1056-2e8d-4311-afe1-93b5b9291650,https://ngk.wisski.cloud/contents/67b30ec307701
769,mar00829,059cb361-1208-44bf-b07f-077ced781a03,https://ngk.wisski.cloud/contents/67b30ec5140f1
770,mar00256,345152a0-a715-45f5-98be-826c79873457,https://ngk.wisski.cloud/contents/67b30ec69d472
771,mar00326,17f6655b-682d-4248-a3e9-8235600edaf2,https://ngk.wisski.cloud/contents/67b30ec7b4c24
772,mar00628,81b8f58c-347f-4b98-a42c-6a263c6d95d3,https://ngk.wisski.cloud/contents/67b30ec9a33a8
773,mar00436,5b388c6a-fd40-411a-bb7e-12ac63bb7aed,https://ngk.wisski.cloud/contents/67b30ecbbf771
774,mar00579,560c138c-d419-4c6a-829a-636e8b54d7eb,https://ngk.wisski.cloud/contents/67b30ecdd9a10
775,mar00110,422502d7-9df7-4fb4-a60d-682b6b93ce33,https://ngk.wisski.cloud/contents/67b30ed085a9e
776,mar00236,187b0f75-760c-4702-bb75-4c22eb49149a,https://ngk.wisski.cloud/contents/67b30ed25762b
777,mar00255,25071f8b-acf6-40ff-989d-3102b7c96044,https://ngk.wisski.cloud/contents/67b30ed3ce1fb
778,mar00063,e71f19ed-8912-49ea-91bb-170a6948dd54,https://ngk.wisski.cloud/contents/67b30ed66c141
779,mar00476,39126d6b-bf73-402c-9cb8-6dfb0edb21ac,https://ngk.wisski.cloud/contents/67b30ed783b54
780,mar00605,89e43b42-7dc3-4132-a8b9-16a32239f67b,https://ngk.wisski.cloud/contents/67b30ed8901c5
781,mar00161,bf44244f-7b01-4175-b811-4a31d55458fb,https://ngk.wisski.cloud/contents/67b30edc7204d
782,mar00407,87e19b22-ec5c-4e09-af37-7f8814255d37,https://ngk.wisski.cloud/contents/67b30edde1189
783,mar00003,93605b71-299c-4a27-82ac-a592c06ee4b5,https://ngk.wisski.cloud/contents/67b30ee1a6437
784,mar00588,c47a465e-b146-4e61-b40f-d4aef945321c,https://ngk.wisski.cloud/contents/67b30ee5bf866
785,mar00742,462e1023-5ef2-4a37-8c49-4455303c623c,https://ngk.wisski.cloud/contents/67b30ef0c4dad
786,mar00615,e63d477f-bc6d-4405-afb1-676741a26e77,https://ngk.wisski.cloud/contents/67b30ef4682d7
787,mar00084,31b3648c-aadf-4751-9a0b-f20bfc4e1615,https://ngk.wisski.cloud/contents/67b30ef64dc53
788,mar00344,87e821dc-5d9d-48e0-bd68-d93b155a8736,https://ngk.wisski.cloud/contents/67b30ef7e3b9b
789,mar00589,a098f9d7-37c1-437e-a6c5-ade28fc0a5c2,https://ngk.wisski.cloud/contents/67b30ef975510
790,mar00291,3f706f1a-8584-4a86-8854-05264b7e74bd,https://ngk.wisski.cloud/contents/67b30efb07b3a
791,mar00793,2c777fce-f3d5-472f-bd00-380b8ccf195d,https://ngk.wisski.cloud/contents/67b30efe5d3f1
792,mar00664,2bb443c2-f3ec-460f-94b0-3716ba5717b9,https://ngk.wisski.cloud/contents/67b30f028e635
793,mar00042,c54edaa0-4c6b-4775-a79b-a3844cdf2928,https://ngk.wisski.cloud/contents/67b30f0711003
794,mar00491,c0322034-5d17-4037-bae7-e58659968e14,https://ngk.wisski.cloud/contents/67b30f0b31444
795,mar00744,b2564822-c787-42ff-ac29-9ea6e6e897ec,https://ngk.wisski.cloud/contents/67b30f0f931f2
796,mar00722,bb718d9a-ff35-4a60-b896-0b349db7390d,https://ngk.wisski.cloud/contents/67b30f169e570
797,mar00792,5532c915-d36b-4a63-b414-021c693b77b0,https://ngk.wisski.cloud/contents/67b30f1a00f5f
798,mar00354,c71834ca-9a6a-4333-ae4f-11802b082704,https://ngk.wisski.cloud/contents/67b30f1bde896
799,mar00275,9f2e944b-65c9-4d3d-8fe6-7f5922376647,https://ngk.wisski.cloud/contents/67b30f1d4f2a0
800,mar00563,05c63e3e-901d-44dc-9c47-c4803e4f6cb7,https://ngk.wisski.cloud/contents/67b30f1e3e100
801,mar00034,6042db40-9d5e-49c2-a3ce-b2afcb696ad8,https://ngk.wisski.cloud/contents/67b30f1eb9bbe
802,mar00708,6a7e11c1-ddcb-4ece-88bf-be3d8ef7b17c,https://ngk.wisski.cloud/contents/67b30f228fde0
803,mar00131,a8f46fec-7916-471c-b858-0b8635b641b8,https://ngk.wisski.cloud/contents/67b30f256bb60
804,mar00590,67698e59-b9f0-4192-9301-0039049013b6,https://ngk.wisski.cloud/contents/67b30f2743441
805,mar00279,5d8801af-c31c-4b14-85d8-3120775418d6,https://ngk.wisski.cloud/contents/67b30f2a7ceb0
806,mar00629,daacaa8b-2721-4037-bb34-f8c1170ad13f,https://ngk.wisski.cloud/contents/67b30f2c86826
807,mar00123,c9b95e88-0ed7-4c01-a231-8385e03bbc6c,https://ngk.wisski.cloud/contents/67b30f2fb91ae
808,mar00316,7b552146-b0d5-4b17-ad91-0a42fe0c9bfd,https://ngk.wisski.cloud/contents/67b30f311565f
809,mar00307,87b4abe5-a7c0-4676-bf65-5332b77f1c47,https://ngk.wisski.cloud/contents/67b30f3325122
810,mar00504,f391db36-2454-4a33-a0b9-51ed2a94e183,https://ngk.wisski.cloud/contents/67b30f3546fbe
811,mar00392,76152ac0-b8a8-4b80-89cc-c3e484e9a291,https://ngk.wisski.cloud/contents/67b30f36802aa
812,mar00190,82d74375-d0ca-4c4f-a36f-4206265f5b78,https://ngk.wisski.cloud/contents/67b30f3953869
813,mar00102,6a6d3979-f5a6-4764-b97c-4443e0d13c05,https://ngk.wisski.cloud/contents/67b30f3b1ab78
814,mar00019,ab9d3a50-7855-4801-806c-99df68af6540,https://ngk.wisski.cloud/contents/67b30f3e2fbaa
815,mar00618,41dff0a7-9da6-44a0-9e34-6177ee04738f,https://ngk.wisski.cloud/contents/67b30f3f3b2ac
816,mar00652,36fb7e32-5234-4b0c-99fc-3b2c35a4020f,https://ngk.wisski.cloud/contents/67b30f414b36a
817,mar00783,ed517ab6-2fb8-448a-870a-a449191f6171,https://ngk.wisski.cloud/contents/67b30f4355444
818,mar00571,386b4905-0107-45da-ae29-2411e0746359,https://ngk.wisski.cloud/contents/67b30f46e2216
819,mar00048,63d83cbe-006b-44a1-9145-db73835b635d,https://ngk.wisski.cloud/contents/67b30f4964b69
820,mar00587,6b20ee73-e406-4b60-9bf9-e72bb92cc3c1,https://ngk.wisski.cloud/contents/67b30f4be5532
821,mar00748,68ea804a-0bbd-4739-bea2-c63b1a5cc61d,https://ngk.wisski.cloud/contents/67b30f4db24f5
822,mar00830,3602c3d1-e682-48bd-8538-02a9e5e40ce0,https://ngk.wisski.cloud/contents/67b30f4f32620
823,mar00647,92e9c577-25ca-4a33-83a6-ddeae6e3a078,https://ngk.wisski.cloud/contents/67b30f5560dcf
824,mar00421,868e2998-9d44-41ea-9265-212261df9593,https://ngk.wisski.cloud/contents/67b30f5731b96
825,mar00299,e60449b3-1f3e-42cc-bc43-e5a3d5e5ee43,https://ngk.wisski.cloud/contents/67b30f599beb0
826,mar00423,1cd56597-4a06-4dc7-9c61-828d3aeb1631,https://ngk.wisski.cloud/contents/67b30f5aea676
827,mar00782,a9c2aa3e-45db-4684-96a4-fe5f28be305d,https://ngk.wisski.cloud/contents/67b30f5ca6fef
828,mar00314,aa0642fe-bd65-4bea-9f82-41259ed038bb,https://ngk.wisski.cloud/contents/67b30f5e0c0f1
829,mar00085,5a7c5dbc-d9b6-4d65-a92d-0a54b5286729,https://ngk.wisski.cloud/contents/67b30f63800d6
830,mar00329,362a93a8-3278-4b7b-b59e-336405e13590,https://ngk.wisski.cloud/contents/67b30f6679799
831,mar00608,293e2518-0861-4e5d-8b87-227d011deeda,https://ngk.wisski.cloud/contents/67b30f6a586ac
832,mar00841,39467c3f-6b8a-4e32-a025-f4eb1aa5bcbb,https://ngk.wisski.cloud/contents/67b30f6e0ef0f
833,mar00603,1786f773-2b1a-46d2-b8b5-826231af02d6,https://ngk.wisski.cloud/contents/67b30f6fd7855
834,mar00187,193d4715-2259-450b-9fa1-78802532316b,https://ngk.wisski.cloud/contents/67b30f72491dc
835,mar00327,99e96eb3-eabb-4584-b236-2d1876be536d,https://ngk.wisski.cloud/contents/67b30f73a2008
836,mar00438,8eb20038-698b-42af-a183-cf759c0b86d9,https://ngk.wisski.cloud/contents/67b30f7503e03
837,mar00621,df20428c-e23e-476a-a247-5e3fbfb63650,https://ngk.wisski.cloud/contents/67b30f7623e4b
838,mar00432,8a8c886e-0fea-4c20-b2f5-5313429e632a,https://ngk.wisski.cloud/contents/67b30f7925f95
839,mar00043,b02473d6-a02c-4f1d-9e88-dbaba79256d3,https://ngk.wisski.cloud/contents/67b30f7e05985
840,mar00008,acf67097-3efa-4a8e-8611-a9d31f027489,https://ngk.wisski.cloud/contents/67b30f7f3cc0d
841,mar00680,7545f2b6-981f-4285-b54e-ad563cc8a22c,https://ngk.wisski.cloud/contents/67b30f81bb14c
842,mar00619,032d8327-7d0f-4c68-b361-3c89f53f504d,https://ngk.wisski.cloud/contents/67b30f8a785fd
843,mar00767,24c8ea6a-7e9d-4c9a-8b17-509a38e50ec6,https://ngk.wisski.cloud/contents/67b30f8cd3d6c
844,mar00060,bd84e456-0d1e-4a53-882c-c6d5daff17d9,https://ngk.wisski.cloud/contents/67b30f90c641e
845,mar00594,8eca80b8-c0f3-4d89-8367-10b03935a281,https://ngk.wisski.cloud/contents/67b30f95f0ba1
846,mar00789,0e77e3d0-b30d-4b8e-ad40-afdbd6258c90,https://ngk.wisski.cloud/contents/67b30f982dae1
847,mar00138,8ff33dc0-00b2-4940-8848-bb484c3e5626,https://ngk.wisski.cloud/contents/67b30f9ac8fe5
848,mar00118,fc54b973-c3fa-431d-b279-a8fe27b839f5,https://ngk.wisski.cloud/contents/67b30f9dec8de
849,mar00509,e45a1d9c-fdc5-4530-9cde-a114cc717031,https://ngk.wisski.cloud/contents/67b30fa00fe6d
850,mar00612,cf3a8007-a4f9-4252-894e-6c03c17b4dfa,https://ngk.wisski.cloud/contents/67b30fa379834
851,mar00521,2e1b706a-71cd-4bb3-9387-4fe4bee70e76,https://ngk.wisski.cloud/contents/67b30fa7c3297
852,mar00607,4341e2ab-37c9-418d-8fd6-5c10abaaa79f,https://ngk.wisski.cloud/contents/67b30fa9a873e
853,mar00170,aec39b77-93fb-4815-8cea-c5d5dadb932f,https://ngk.wisski.cloud/contents/67b30facde949
854,mar00585,a3e30194-2441-4c03-a99e-da3360cb8208,https://ngk.wisski.cloud/contents/67b30faf4dd2e
855,mar00488,1d9a1880-046a-4113-a48d-e39a853bca51,https://ngk.wisski.cloud/contents/67b30fb193b32
856,mar00658,899e7420-d167-4582-8810-7752ac7fba87,https://ngk.wisski.cloud/contents/67b30fb35f333
857,mar00457,c9a86457-7749-4b16-9250-80ddc177d807,https://ngk.wisski.cloud/contents/67b30fb624ac7
858,mar00693,93287909-17ed-495d-9cc3-3dfd87145b58,https://ngk.wisski.cloud/contents/67b30fb903692
859,mar00743,a9877d50-1b48-47ec-83c0-0ec949999d8f,https://ngk.wisski.cloud/contents/67b30fc2a2a7f
860,mar00556,3a1e539e-d713-499d-a076-62618b65cc61,https://ngk.wisski.cloud/contents/67b30fc4c2086
861,mar00606,d790b418-ba24-48ea-8833-6b38b7f47ad7,https://ngk.wisski.cloud/contents/67b30fc5d75cd
862,mar00200,9ef4d14f-38a2-4a9d-9fb5-4c3f4d88492a,https://ngk.wisski.cloud/contents/67b30fc758f9d
863,mar00493,de9c9c25-799f-41c6-8dba-fb18c7c91344,https://ngk.wisski.cloud/contents/67b30fc909e43
864,mar00213,222af041-cdf5-4bb0-bb5f-9614c018b7db,https://ngk.wisski.cloud/contents/67b30fd8a0413
865,mar00419,4a2aee6e-f3d4-4d6b-b870-afc778efb2d3,https://ngk.wisski.cloud/contents/67b30fdd3746b
866,mar00560,8de06d8a-d16a-4e1f-8172-73d7e983b9ee,https://ngk.wisski.cloud/contents/67b30fdf71c37
867,mar00654,98b8366f-82af-466e-b875-e120a71d9a27,https://ngk.wisski.cloud/contents/67b30fe231116
868,mar00450,5a3da2aa-962f-4622-b32d-bb3db88f0cc9,https://ngk.wisski.cloud/contents/67b30fe36bd61
869,mar00833,ab3dfe3c-dca7-4796-9e5f-3dc5d91210f9,https://ngk.wisski.cloud/contents/67b30fe59b068
870,mar00713,9295c5c2-9fda-4a4a-b839-e9f65db991e2,https://ngk.wisski.cloud/contents/67b30fe93a51c
871,mar00760,388a056d-7789-46c1-8c96-1110495562c4,https://ngk.wisski.cloud/contents/67b30feaa6840
872,mar00331,0643da41-98f1-4e71-8cfe-e0603e7308bf,https://ngk.wisski.cloud/contents/67b30fec6c829
873,mar00725,625e9afe-b4d0-4034-a6f7-ca55df03a151,https://ngk.wisski.cloud/contents/67b30fef5e0aa
874,mar00376,af4470c8-1c22-46d7-8c9d-5452a3747ff0,https://ngk.wisski.cloud/contents/67b30ff13932e
875,mar00393,746c9569-08d4-4057-b9df-c74b15d52684,https://ngk.wisski.cloud/contents/67b30ff2bc535
876,mar00025,d3e535e3-b93b-4753-b46e-17ed60303cb6,https://ngk.wisski.cloud/contents/67b30ff7dedf5
877,mar00766,f0836839-5abc-4ade-9aaf-4df7f92fbf87,https://ngk.wisski.cloud/contents/67b30ffa25b1c
878,mar00351,efde4a8a-8b46-44e1-bfc9-ced7e7a7451a,https://ngk.wisski.cloud/contents/67b30ffb5eaab
879,mar00038,6b71d6ed-538e-4777-af77-763aca1ac294,https://ngk.wisski.cloud/contents/67b31000c00e2
880,mar00057,567aeda8-dbb5-453b-9e5c-00bb485818d7,https://ngk.wisski.cloud/contents/67b3100658529
881,mar00442,85e46312-693b-45af-b302-e578940ac82e,https://ngk.wisski.cloud/contents/67b310081df7c
882,mar00332,ad6654f5-6b0c-44dc-8b13-eca1f28ac77a,https://ngk.wisski.cloud/contents/67b3100972664
883,mar00726,ecf62b5b-edda-4165-bbfa-eccc0a4c06c5,https://ngk.wisski.cloud/contents/67b3100d7f12d
884,mar00401,f56b3900-9ef6-4ee9-a15a-9f3ed826ef66,https://ngk.wisski.cloud/contents/67b3101261837
885,mar00516,8f33ead1-6409-4961-a3bd-4b8d7f3e2d25,https://ngk.wisski.cloud/contents/67b3101439c34
886,mar00378,9e573819-5410-41d3-bde6-a427f72ac824,https://ngk.wisski.cloud/contents/67b31015714d1
887,mar00443,7cef9429-e6ff-4f7c-9fab-21694185f924,https://ngk.wisski.cloud/contents/67b310172b168
888,mar00094,29b9cd24-cb7c-443e-acea-5da30f443f35,https://ngk.wisski.cloud/contents/67b3101953846
889,mar00699,176b253f-20b7-4141-9760-5a99d9c0acdb,https://ngk.wisski.cloud/contents/67b3101eb23f3
890,mar00694,61b3f43e-70e9-4249-b834-8a4c6d5a753c,https://ngk.wisski.cloud/contents/67b31021d1e05
891,mar00071,8e0d4482-d005-4671-b58d-6663575a4745,https://ngk.wisski.cloud/contents/67b3102498742
892,mar00364,87f98cbb-8b0a-43e4-b3dc-3a2cd54f1a4e,https://ngk.wisski.cloud/contents/67b310269b809
893,mar00035,5e46b7b1-354e-41f2-8300-6298dcc0405c,https://ngk.wisski.cloud/contents/67b31029a6d9f
894,mar00009,077d08bf-f4ac-45fe-bb41-1db4a0f9caa4,https://ngk.wisski.cloud/contents/67b3102d8a1eb
895,mar00174,d9d91b2c-0e0d-4c7d-bbd7-5e02cb6dfcba,https://ngk.wisski.cloud/contents/67b3102f8b422
896,mar00238,6310019a-6c49-44b0-8498-10334abd5dcf,https://ngk.wisski.cloud/contents/67b31031d8c29
897,mar00152,b0230fd7-6332-4712-993b-a9d9ba3bb06e,https://ngk.wisski.cloud/contents/67b310351eaef
898,mar00834,bf77e38f-5c61-4f29-9a36-6b399796cf15,https://ngk.wisski.cloud/contents/67b310391a168
899,mar00079,73754d35-519e-47c6-95cf-a80e30fa636a,https://ngk.wisski.cloud/contents/67b3103c278d1
900,mar00234,5176e05c-dd17-4e35-9624-c9dea3e908e2,https://ngk.wisski.cloud/contents/67b3103f1a917
901,mar00020,718442fe-85bc-4826-b44c-8462bd1a98ef,https://ngk.wisski.cloud/contents/67b310446e383
902,mar00479,7557a9e4-40ce-4200-b8ff-7c1cff5f7c52,https://ngk.wisski.cloud/contents/67b31046443cc
903,mar00196,2e600671-c53c-4c68-a56f-72eacbeca641,https://ngk.wisski.cloud/contents/67b3104cec448
904,mar00683,e7c3cffe-c25a-409b-abce-f7e27cb3d9e8,https://ngk.wisski.cloud/contents/67b31050835c4
905,mar00617,d668baed-4fdf-4b71-86bc-4a43396c237e,https://ngk.wisski.cloud/contents/67b31053b571e
906,mar00769,2928fa04-cd9d-4171-9f45-4882fab420b9,https://ngk.wisski.cloud/contents/67b31056ede50
907,mar00435,acf4ed74-874f-4963-b419-cd657a2896fb,https://ngk.wisski.cloud/contents/67b31058b0eff
908,mar00428,519855ea-5202-4dd2-a7a3-479a4c8ce50b,https://ngk.wisski.cloud/contents/67b3105a113b9
909,mar00317,1aa0fddc-d775-4aa9-84b6-64f188f76e7a,https://ngk.wisski.cloud/contents/67b3105b57916
910,mar00690,3a129107-ef66-49a9-9e05-0a346d5bc06a,https://ngk.wisski.cloud/contents/67b3105e7c870
911,mar00262,907fa3bc-d7a9-453e-96a9-a61504b14bf3,https://ngk.wisski.cloud/contents/67b310692cbde
912,mar00609,cb19cfdb-8ca5-472a-982b-0212cd7bcf4a,https://ngk.wisski.cloud/contents/67b3106dd83a6
913,mar00452,73a8f3cc-2967-49ea-b545-bacd2626b6cf,https://ngk.wisski.cloud/contents/67b3106fb594f
914,mar00553,04fe1002-0fae-434b-bf69-2b9071b4ef6a,https://ngk.wisski.cloud/contents/67b3107084e18
915,mar00320,37a9a149-a82b-447d-a9ab-7d74c4f9d97c,https://ngk.wisski.cloud/contents/67b31071a921e
916,mar00028,708e1290-8cbe-47fb-a76f-7fc2cd4512a8,https://ngk.wisski.cloud/contents/67b3107b45b34
917,mar00572,bce0ee56-cea1-4c57-85f7-beccf2685849,https://ngk.wisski.cloud/contents/67b310879b0cd
918,mar00506,e4287f7e-e691-467a-bc7d-b1b35065fcea,https://ngk.wisski.cloud/contents/67b3108a3e540
919,mar00531,b18c816e-e756-4ccf-9863-dc48bf8cc9ae,https://ngk.wisski.cloud/contents/67b3108bcc300
920,mar00418,44d4942c-0277-42ff-a7d3-3c6685e92d7e,https://ngk.wisski.cloud/contents/67b3108ecf109
921,mar00253,82328660-da64-418f-b34d-25c1d0f8dd95,https://ngk.wisski.cloud/contents/67b31090d020d
922,mar00266,382567ec-7fb5-48b3-8bab-203ca4f8a628,https://ngk.wisski.cloud/contents/67b310938b60c
923,mar00244,2d4f70dd-8106-42da-afcc-1e932a419356,https://ngk.wisski.cloud/contents/67b31096b965f
924,mar00342,b17f5401-6276-4a12-b8e9-100b1b70c086,https://ngk.wisski.cloud/contents/67b310983f4d8
925,mar00669,f75be3db-ecb2-4bd9-bb83-53a51017501c,https://ngk.wisski.cloud/contents/67b3109a6f072
926,mar00534,60dffaa8-8347-48a6-9f1f-2f63937b9f9f,https://ngk.wisski.cloud/contents/67b3109cf2baf
927,mar00634,65043257-8f2b-48b1-9e44-779a9232165c,https://ngk.wisski.cloud/contents/67b310a069c5a
928,mar00313,af856983-b3fc-484b-a614-d1524a0f9675,https://ngk.wisski.cloud/contents/67b310a321206
929,mar00471,ebb62889-7e0b-45ab-bcd7-f37579536656,https://ngk.wisski.cloud/contents/67b310a5a8f3f
930,mar00101,dab54046-8d67-42ff-871b-e5f7d3855c3d,https://ngk.wisski.cloud/contents/67b310a8b08c6
931,mar00828,3fd21934-c4cb-4fa3-937a-d2abdbc5e443,https://ngk.wisski.cloud/contents/67b310ab8d9ed
932,mar00570,af4985a6-98b8-4553-8073-47f1931dd7a0,https://ngk.wisski.cloud/contents/67b310ad46e17
933,mar00815,e4508226-c228-4dd0-967b-a1123baa3941,https://ngk.wisski.cloud/contents/67b310b0e48b7
934,mar00062,76de07f1-cde1-4ec1-9256-4d8e360220f7,https://ngk.wisski.cloud/contents/67b310b806fa7
935,mar00369,68f1fa6b-29bf-4070-a515-7bee0646a761,https://ngk.wisski.cloud/contents/67b310ba45006
936,mar00596,99f42d1c-14fa-4adb-8a4b-ddaa3e395ddb,https://ngk.wisski.cloud/contents/67b310bf90251
937,mar00410,fb34eb4f-faea-46f6-b040-f42a1ef4b46b,https://ngk.wisski.cloud/contents/67b310c0e1440
938,mar00465,d02b2f26-da18-42b7-b1c3-14ee6442dc34,https://ngk.wisski.cloud/contents/67b310c31856d
939,mar00820,46f15807-e3b9-4183-b31e-a05718efaaac,https://ngk.wisski.cloud/contents/67b310c51d82b
940,mar00635,321f5d2e-404d-416c-80e7-95a6d7ca06a4,https://ngk.wisski.cloud/contents/67b310c6b46e9
941,mar00066,4169ab31-b353-43fc-8300-d1cee46896df,https://ngk.wisski.cloud/contents/67b310c7d9890
942,mar00272,8719ac14-61cd-44c9-80cc-4de334f05f37,https://ngk.wisski.cloud/contents/67b310ca165f4
943,mar00176,ebd3e720-80ec-4481-87b8-01ec385e99c3,https://ngk.wisski.cloud/contents/67b310cd8f830
944,mar00374,16ed0057-d861-4337-991d-da5b5cf2453b,https://ngk.wisski.cloud/contents/67b310cf4745b
945,mar00039,39749c27-9663-4f9f-b722-b754fdb84e40,https://ngk.wisski.cloud/contents/67b310d7be53c
946,mar00168,58e8db58-5bf0-4c9e-86f1-440b8e6ab364,https://ngk.wisski.cloud/contents/67b310dbbd935
947,mar00080,2d6a5a4f-1104-4a49-bcb3-860443a762ee,https://ngk.wisski.cloud/contents/67b310dfb8679
948,mar00381,23ddeaaa-a451-4d81-bc60-d18837af81ad,https://ngk.wisski.cloud/contents/67b310e171623
949,mar00298,ca7632f1-75e4-4503-ae2c-174190271fff,https://ngk.wisski.cloud/contents/67b310e331a67
950,mar00209,1bef0a95-05a2-4c69-ad5c-c728002aaedc,https://ngk.wisski.cloud/contents/67b310e7f3e5a
951,mar00557,3f5e2517-0172-4c2d-80a4-f83870ff7bec,https://ngk.wisski.cloud/contents/67b310e928e4b
952,mar00159,a0cf59aa-a395-4b00-a577-c3cc62799699,https://ngk.wisski.cloud/contents/67b310ec87a62
953,mar00738,47a0792f-c98c-444f-b714-6d9dcfcc20b6,https://ngk.wisski.cloud/contents/67b310f2888e3
954,mar00297,9a670db4-c749-4bcd-9cf7-bdbe46cd03ce,https://ngk.wisski.cloud/contents/67b310f547cab
955,mar00574,05a56b36-ac47-4ad3-820b-26c35d6488fb,https://ngk.wisski.cloud/contents/67b310f791df6
956,mar00810,e17f95cf-bbbb-4b26-8c4e-58224f8820f6,https://ngk.wisski.cloud/contents/67b310f9a38e7
957,mar00179,35d5a8f9-e66b-44b8-b67b-149d96f6e7f1,https://ngk.wisski.cloud/contents/67b310fd72d3f
958,mar00601,c643cbcc-fe4a-4eb8-b0a3-4bff825c2081,https://ngk.wisski.cloud/contents/67b311051a302
959,mar00765,b520ba6c-0f0b-4b40-8a09-19c6cd442a64,https://ngk.wisski.cloud/contents/67b31106a0fca
960,mar00809,03be2c45-82d3-4983-8396-02fda55785dc,https://ngk.wisski.cloud/contents/67b3110876df4
961,mar00545,abdbbaf6-9226-4c95-ae73-339cdb152c22,https://ngk.wisski.cloud/contents/67b3110f52d79
962,mar00684,07a60992-9a44-48bb-9ec9-b5b2cfd33acd,https://ngk.wisski.cloud/contents/67b311128d28e
963,mar00425,2635e39c-cd49-4914-999b-26ec262719c8,https://ngk.wisski.cloud/contents/67b3111487e8b
964,mar00382,cacfc18d-8e65-4885-b5d5-ad4710eaa4c0,https://ngk.wisski.cloud/contents/67b3111693006
965,mar00258,60620880-40ea-4c7a-bc63-5127d79538c0,https://ngk.wisski.cloud/contents/67b3111856ca9
966,mar00173,867fbb51-dd5e-486c-88e7-b2bc2b225436,https://ngk.wisski.cloud/contents/67b3111d35e0b
967,mar00136,309cd78a-19e2-43ac-8f9e-82afb5fd4c0d,https://ngk.wisski.cloud/contents/67b311217eb93
968,mar00202,86d56d52-fdbb-4156-a71c-b598a6463e2f,https://ngk.wisski.cloud/contents/67b311243b673
969,mar00015,53231076-eff3-4967-a9ab-e7451fcfb03b,https://ngk.wisski.cloud/contents/67b311263f086
970,mar00616,ee2f45d3-8700-4764-8006-7d20b5bafe38,https://ngk.wisski.cloud/contents/67b31128d6741
971,mar00777,331f45b4-acec-42ee-99c5-53ea6472465e,https://ngk.wisski.cloud/contents/67b3112b4ae5d
972,mar00166,85e414c0-c2c4-4a67-b690-32f8d9b270a5,https://ngk.wisski.cloud/contents/67b3112cce60b
973,mar00412,9b41ca90-331d-4477-ad8b-ac037aff92f4,https://ngk.wisski.cloud/contents/67b3112dc9dce
974,mar00053,7be7853d-0dd4-495e-9450-05e32fd4526f,https://ngk.wisski.cloud/contents/67b3113200bad
975,mar00230,3a6cf9c5-9b08-4276-abf9-159b968c73f1,https://ngk.wisski.cloud/contents/67b31134b2863
976,mar00415,a8e73849-6bf4-4f3f-a8a0-1871927e2cfc,https://ngk.wisski.cloud/contents/67b311361a2a3
977,mar00223,6756f407-0f13-4261-929b-fcba2a66a0a2,https://ngk.wisski.cloud/contents/67b3113953163
978,mar00779,b9816508-c6ef-405b-9702-00bea9e4bb95,https://ngk.wisski.cloud/contents/67b3113b63a01
979,mar00759,a8177741-9fbd-49e8-a253-bea4a3e2ef00,https://ngk.wisski.cloud/contents/67b3113d08831
980,mar00029,84295580-e65b-4b26-a2c4-f733e72dcdbc,https://ngk.wisski.cloud/contents/67b311402925b
981,mar00076,17aed40b-33a4-43c0-a950-d4c3cd3626bf,https://ngk.wisski.cloud/contents/67b31142ea608
982,mar00284,ebb2c955-e9e7-4f39-a391-e4cde9881feb,https://ngk.wisski.cloud/contents/67b3114537525
983,mar00416,75315eca-c48f-45ea-9084-032dfc4fca02,https://ngk.wisski.cloud/contents/67b31145ceae8
984,mar00267,92348781-c744-48a3-b3ee-cc9c645cf753,https://ngk.wisski.cloud/contents/67b31147e8a83
985,mar00150,098bd454-d57c-4fdd-a932-07c293e7f4b9,https://ngk.wisski.cloud/contents/67b3114d42cd0
986,mar00001,aeceb6f3-db4b-4ae6-b4f4-8cf0780cf906,https://ngk.wisski.cloud/contents/67b31151f051c
987,mar00010,1a0cd99c-4754-491d-ac48-bb48100a44d8,https://ngk.wisski.cloud/contents/67b311551f3b0
988,mar00632,08a8f440-a540-44be-a27f-417c3d33c0d9,https://ngk.wisski.cloud/contents/67b31156e51e1
989,mar00090,95af5779-bc56-4d1b-9688-b7dbe410b2d0,https://ngk.wisski.cloud/contents/67b31160081ca
990,mar00185,53a30d9c-4b53-4192-aadc-2d2c48acef3e,https://ngk.wisski.cloud/contents/67b31163cfacb
991,mar00325,f29389b6-e49b-4820-b433-eb4cf6fbde74,https://ngk.wisski.cloud/contents/67b31164f19a1
992,mar00375,74ed8c8b-27fa-4284-8e57-8d566376e7a8,https://ngk.wisski.cloud/contents/67b3116625029
993,mar00817,3ee86e6a-a0c8-4090-bd66-26af2d7f1296,https://ngk.wisski.cloud/contents/67b31167dc118
994,mar00468,9e7fe4c5-f19a-4b6d-a1f3-0768153ff641,https://ngk.wisski.cloud/contents/67b3116993566
995,mar00180,20d5d6d6-734d-40d1-8f2f-79129cf5ad13,https://ngk.wisski.cloud/contents/67b3116c8d4cd
