docId,uri,uuid
1,https://ngk.wisski.cloud/contents/67b8dc09d3767,4bef2055-6de9-451b-8d35-f59454785ed6
2,https://ngk.wisski.cloud/contents/67b8dc173dc4b,5432e4f3-7699-4fbd-9fae-ce944ed1d615
3,https://ngk.wisski.cloud/contents/67b8dc177338b,5432e4f3-7699-4fbd-9fae-ce944ed1d615
4,https://ngk.wisski.cloud/contents/67b8dc17ae629,dd06f40f-2967-4a0a-841c-3919fc54aa24
5,https://ngk.wisski.cloud/contents/67b8dc17e92aa,610b4e07-1ab0-4c89-8eb7-170d053138ab
6,https://ngk.wisski.cloud/contents/67b8dc182c416,43438e8c-bdc4-4978-862c-2d1d31d29d54
7,https://ngk.wisski.cloud/contents/67b8dc18606ff,5be7e244-10f2-4532-95b0-4f63cb5f6ec5
8,https://ngk.wisski.cloud/contents/67b8dc18963fa,5be7e244-10f2-4532-95b0-4f63cb5f6ec5
9,https://ngk.wisski.cloud/contents/67b8dc18c5491,5be7e244-10f2-4532-95b0-4f63cb5f6ec5
10,https://ngk.wisski.cloud/contents/67b8dc1907b2c,0860f72f-175b-4c05-8c06-c5948bd06928
11,https://ngk.wisski.cloud/contents/67b8dc193a5a7,a209958c-7ce2-433e-b7fb-930bcf2484a0
12,https://ngk.wisski.cloud/contents/67b8dc196c053,ea3ea5dd-23e8-46f1-a3d5-b4d828dd90c1
13,https://ngk.wisski.cloud/contents/67b8dc199ff7e,ea3ea5dd-23e8-46f1-a3d5-b4d828dd90c1
14,https://ngk.wisski.cloud/contents/67b8dc19d1e49,65d0643b-d801-4fe7-badc-66f3aa7f29c0
15,https://ngk.wisski.cloud/contents/67b8dc1a0b92f,65d0643b-d801-4fe7-badc-66f3aa7f29c0
