id,sourceId,uuid,uri
1,que00099,a655376d-6079-4444-b0a3-9df2e8c445d0,https://ngk.wisski.cloud/contents/67b305f411d88
2,que00028,f38d7063-9100-4975-8c13-7acb81ccce15,https://ngk.wisski.cloud/contents/67b305f624290
3,que00054,88571fb5-e7cf-47ff-9077-9c1107e533b3,https://ngk.wisski.cloud/contents/67b305f7bc354
4,que00096,d225a4c1-03a8-4181-889b-eb04e55bb7ba,https://ngk.wisski.cloud/contents/67b305f971a3e
5,que00126,688f5399-5144-4609-b67f-580a2fef21a2,https://ngk.wisski.cloud/contents/67b305fab50c5
6,que00053,79109df9-3b89-4b7e-8ea5-718e3888d365,https://ngk.wisski.cloud/contents/67b305fb787b9
7,que00117,b3f9944c-c8cf-40d4-940d-6f3d79ff59b0,https://ngk.wisski.cloud/contents/67b305fc49270
8,que00080,1bdd111a-81d4-4172-b290-9518e546b1d0,https://ngk.wisski.cloud/contents/67b305fd1ac39
9,que00029,e644258f-47e6-47de-8b56-70d10101a4b2,https://ngk.wisski.cloud/contents/67b305fdccfe3
10,que00100,d98c4d21-c85d-4180-b052-51955f33999d,https://ngk.wisski.cloud/contents/67b305fe9fbcf
11,que00026,e546e281-4943-4cda-a26f-48bba6b3b097,https://ngk.wisski.cloud/contents/67b305ff9015c
12,que00058,1c2cf441-ef77-4833-899f-08149f7f3e71,https://ngk.wisski.cloud/contents/67b306006df17
13,que00141,f6915449-32ec-4aa9-93ad-375e1b6573bd,https://ngk.wisski.cloud/contents/67b30601334f3
14,que00165,8644adf2-233e-4f08-aafb-fb8d37fb9284,https://ngk.wisski.cloud/contents/67b30601e93cb
15,que00056,f8be8865-7de8-4d6d-85fd-f8b87514e81c,https://ngk.wisski.cloud/contents/67b30602a9246
16,que00090,212d52dc-95b1-4395-9f25-95e4445d6fab,https://ngk.wisski.cloud/contents/67b3060363fe6
17,que00127,0003e2ee-b14d-4d02-8d4e-c20d3f74a318,https://ngk.wisski.cloud/contents/67b3060428d19
18,que00044,b08e3c68-3510-4796-9a8b-d2e70d09ab66,https://ngk.wisski.cloud/contents/67b30604f0b7c
19,que00062,a2b1de84-bc26-4534-98cd-370d107aebfb,https://ngk.wisski.cloud/contents/67b30605b12c7
20,que00179,6b085eb8-6abc-4c43-a1bf-58011c32bedf,https://ngk.wisski.cloud/contents/67b306066df4e
21,que00081,49bae3a1-3a45-4543-803e-b6361f81418e,https://ngk.wisski.cloud/contents/67b3060735591
22,que00077,02225dab-adf1-46f1-9ca2-433ab4af9351,https://ngk.wisski.cloud/contents/67b30607db8c9
23,que00121,b24bf185-b9aa-4f39-aadd-3d0af2cab381,https://ngk.wisski.cloud/contents/67b306088d2f9
24,que00164,777399f2-4144-4a3f-84b6-11b3cb05ba7b,https://ngk.wisski.cloud/contents/67b3060962e1d
25,que00035,d3ffeb59-575a-451a-bd1a-9ee2b14f9dfe,https://ngk.wisski.cloud/contents/67b3060a1b1e5
26,que00176,3947833a-06f8-430a-8bd1-9103663394e1,https://ngk.wisski.cloud/contents/67b3060adeb33
27,que00162,40d53765-4a79-4fa6-8a7b-897c07b88054,https://ngk.wisski.cloud/contents/67b3060b98a10
28,que00173,8fce0215-7ac5-4d68-ad84-af0b116e2b5e,https://ngk.wisski.cloud/contents/67b3060c64b08
29,que00137,a8af7885-c1ec-45d0-b240-0c5e6d70e212,https://ngk.wisski.cloud/contents/67b3060d18686
30,que00147,24b5807a-2010-45f8-aa5a-9c979701f117,https://ngk.wisski.cloud/contents/67b3060dbdb53
31,que00097,e4212065-c3e7-49c6-b4b4-4bad2f673018,https://ngk.wisski.cloud/contents/67b3060e6c05b
32,que00116,12e205fd-a3b1-4978-adcf-273d7e693d6d,https://ngk.wisski.cloud/contents/67b3060f0c67c
33,que00145,ed69f4e4-4361-4407-b994-4ba8ff2aca13,https://ngk.wisski.cloud/contents/67b3060fac57b
34,que00064,c280068d-e9f2-4664-9784-9ce1f60eaad3,https://ngk.wisski.cloud/contents/67b3061074ca4
35,que00093,4e69810e-ca87-46ca-856a-6d5fd8771d07,https://ngk.wisski.cloud/contents/67b30610f0dda
36,que00105,89cd4e6f-c8e8-44af-94f6-434dbe6e0306,https://ngk.wisski.cloud/contents/67b3061174613
37,que00134,1679495c-1e2e-488a-8db5-3af7eb4cbeb6,https://ngk.wisski.cloud/contents/67b30611eb1bd
38,que00047,c7bbca78-33f2-4bdb-a2c7-58e8248de3f7,https://ngk.wisski.cloud/contents/67b30612729c7
39,que00043,381863c4-e7c2-4441-8b4d-e62f9f73ceba,https://ngk.wisski.cloud/contents/67b30612ebdbb
40,que00010,28c01e04-e273-44a1-b013-0461738cc12a,https://ngk.wisski.cloud/contents/67b30613722cd
41,que00185,1b04fc05-cd71-4a24-874a-96e088b6d974,https://ngk.wisski.cloud/contents/67b306140341f
42,que00020,433e89cd-8859-4537-842d-e26307d7b819,https://ngk.wisski.cloud/contents/67b306148cebd
43,que00106,e93b9147-6a13-4383-b4ee-94544ae583e8,https://ngk.wisski.cloud/contents/67b3061525343
44,que00184,28985822-3d20-4f88-90f2-eefb90f87b44,https://ngk.wisski.cloud/contents/67b30615b19b5
45,que00033,219b0068-d53f-4675-b45f-9703c2cd0e03,https://ngk.wisski.cloud/contents/67b306162ec66
46,que00113,29393d5d-fe91-42db-bd91-a73115b49ee6,https://ngk.wisski.cloud/contents/67b30616e0b1b
47,que00012,c6772241-4529-44ec-9f93-2c9fad2c6a51,https://ngk.wisski.cloud/contents/67b30617b0e1a
48,que00070,4d452b28-eaa7-4672-af35-a1591a70f217,https://ngk.wisski.cloud/contents/67b306186257b
49,que00042,804a98e1-ceaa-4ade-9d25-b8311aa1db57,https://ngk.wisski.cloud/contents/67b30619046af
50,que00108,9c6786a7-a768-469b-a8e0-a2a0d07bf13a,https://ngk.wisski.cloud/contents/67b30619a3253
51,que00111,15c9fc53-2aaa-4e22-b6ed-af2f3e6f67ac,https://ngk.wisski.cloud/contents/67b3061a37563
52,que00181,7f72d039-6d7e-46bd-8d26-e805b19778a1,https://ngk.wisski.cloud/contents/67b3061af383b
53,que00153,86f39c2c-3826-42b1-8bb6-b6214f35fd27,https://ngk.wisski.cloud/contents/67b3061ba088b
54,que00038,9b058e50-979d-4fd5-8f70-c504946e0b02,https://ngk.wisski.cloud/contents/67b3061c5a789
55,que00048,f1f02cba-9020-471f-a309-eb1ca747b3db,https://ngk.wisski.cloud/contents/67b3061d1a367
56,que00143,e11da76f-3b03-40ef-9f77-726e656101f8,https://ngk.wisski.cloud/contents/67b3061dbb46e
57,que00092,39bbf570-e3a9-4a41-91cb-d8d90ad2eb6a,https://ngk.wisski.cloud/contents/67b3061e68e64
58,que00013,27e69ea1-7b8b-46ea-be2f-1fa9dfc91fdf,https://ngk.wisski.cloud/contents/67b3061f24a78
59,que00132,cf39bb3e-1672-414d-8f32-ecbba349e3fc,https://ngk.wisski.cloud/contents/67b3061fced54
60,que00005,72ca3ca6-0cf5-4fe8-b04f-b5f4e163668b,https://ngk.wisski.cloud/contents/67b306208bc11
61,que00089,f1072f14-11b5-4521-a60d-1222fd3f17b8,https://ngk.wisski.cloud/contents/67b3062153d44
62,que00027,b7f67bba-7eac-40db-bc00-48404f199d72,https://ngk.wisski.cloud/contents/67b30621ebc37
63,que00158,2773ca6e-f764-4ed0-9b5a-824353662a3e,https://ngk.wisski.cloud/contents/67b3062298faf
64,que00152,85304f3c-6960-40bc-9ab9-0bc7691ed03f,https://ngk.wisski.cloud/contents/67b306235290e
65,que00146,f6d8eb10-4d34-4bb0-bd19-b1ffc8ec47b2,https://ngk.wisski.cloud/contents/67b306240a838
66,que00018,1a5f7f39-ad6f-4788-94ad-0852d7f737c5,https://ngk.wisski.cloud/contents/67b30624b22fc
67,que00167,c723bc63-bdea-4fbc-8338-ab908bc837fa,https://ngk.wisski.cloud/contents/67b3062567203
68,que00072,dd956150-7696-442e-adaa-5f0dc9e4e3b6,https://ngk.wisski.cloud/contents/67b3062630008
69,que00073,6be6b99c-760f-475f-b0ad-b9f559735fb2,https://ngk.wisski.cloud/contents/67b30626d856d
70,que00142,ffe8430e-f9bd-4dea-87fb-a57663fc72d7,https://ngk.wisski.cloud/contents/67b3062778c7c
71,que00004,38a7ead7-c146-436b-b19e-bb0d8c645466,https://ngk.wisski.cloud/contents/67b3062830737
72,que00136,cfbb070a-afdb-40ad-8f92-9920f778bda3,https://ngk.wisski.cloud/contents/67b306290101d
73,que00063,7e10e630-07c8-4cea-afca-c5d882476795,https://ngk.wisski.cloud/contents/67b306299e10b
74,que00001,eeb91977-48aa-4870-b7f0-d28b2e0f4739,https://ngk.wisski.cloud/contents/67b3062a5673c
75,que00180,6e5a8623-0b95-4f13-8363-a78f97ac6427,https://ngk.wisski.cloud/contents/67b3062b11500
76,que00122,ff55d63e-f100-4097-ada1-90bad0b47ded,https://ngk.wisski.cloud/contents/67b3062bb82fc
77,que00016,5d15f852-71bb-45e3-bc3b-c274d3ac91a7,https://ngk.wisski.cloud/contents/67b3062c64261
78,que00046,81c24f56-4558-4704-bac7-00ea45b18d2a,https://ngk.wisski.cloud/contents/67b3062d28c5a
79,que00107,534e8a46-4c53-4a87-b760-b91355e692a2,https://ngk.wisski.cloud/contents/67b3062dd625a
80,que00128,fc906991-b3c3-42e0-9369-1ee1fc7a19ef,https://ngk.wisski.cloud/contents/67b3062e6d224
81,que00112,2777885f-aa64-40e0-88f9-f91814e76a9f,https://ngk.wisski.cloud/contents/67b3062f2f608
82,que00076,89c8b13f-8b97-486c-8180-0fc61591ab71,https://ngk.wisski.cloud/contents/67b3063002108
83,que00040,91077730-bc2d-4b30-809c-5d47d8a62fac,https://ngk.wisski.cloud/contents/67b30630a752a
84,que00129,0a3a61ee-b084-4e79-a882-4d0c5bebe8ba,https://ngk.wisski.cloud/contents/67b306316970f
85,que00125,d0c96323-433f-4e60-adf8-2dbdbd56dbea,https://ngk.wisski.cloud/contents/67b30632221ee
86,que00066,42cb6587-a78c-431a-bda0-e267c4a3e735,https://ngk.wisski.cloud/contents/67b30632bce16
87,que00036,aa388192-a95c-4c10-973d-d2d9cad6c14f,https://ngk.wisski.cloud/contents/67b306337dfcb
88,que00131,d52c63aa-85d7-4ab2-ba0a-7c1328caa81c,https://ngk.wisski.cloud/contents/67b3063434b0d
89,que00177,26144d64-7d8f-4873-a9d7-29710afccb03,https://ngk.wisski.cloud/contents/67b30634e6c40
90,que00101,65c05547-436c-446b-b6e0-b3b35649d097,https://ngk.wisski.cloud/contents/67b30635ab04a
91,que00075,4d9caf82-611a-45d7-8804-644d725268e3,https://ngk.wisski.cloud/contents/67b3063647b37
92,que00052,d1f4d866-d20f-445d-bebe-c0fb2d8c2f12,https://ngk.wisski.cloud/contents/67b3063700149
93,que00118,358ba585-7ff3-4e6b-8b1d-c55f9392cb04,https://ngk.wisski.cloud/contents/67b30637a7106
94,que00138,d758e577-1e07-43ce-b925-7d09b2331a61,https://ngk.wisski.cloud/contents/67b306386fc25
95,que00115,d4c8c376-7668-4e2f-b046-3e99d897f2cf,https://ngk.wisski.cloud/contents/67b306391fc2a
96,que00007,4a1c0455-b20a-4af2-965f-6332dde3c729,https://ngk.wisski.cloud/contents/67b30639cdcdc
97,que00068,b73766cd-0dfe-481c-bf47-b8a8d5cbdb6e,https://ngk.wisski.cloud/contents/67b3063a89193
98,que00144,f870ee50-f786-47f2-8701-f4fd8deb6b76,https://ngk.wisski.cloud/contents/67b3063b35bb5
99,que00139,79392c10-6408-4199-a9d3-05c407857d34,https://ngk.wisski.cloud/contents/67b3063bd516a
100,que00021,47f525ea-c874-470c-936f-dfd23ef53088,https://ngk.wisski.cloud/contents/67b3063c9560d
101,que00119,ac05f8fb-3d60-4a7a-ad05-2b0e2442a514,https://ngk.wisski.cloud/contents/67b3063d47733
102,que00149,f45ac914-7aeb-48c8-9d78-51850a3f14bb,https://ngk.wisski.cloud/contents/67b3063e0e681
103,que00055,b7b5d123-8e22-48c3-a1c9-55091b6560b8,https://ngk.wisski.cloud/contents/67b3063eb2b60
104,que00051,5d4c4b37-a7ed-47b2-b9c7-739abac40ab9,https://ngk.wisski.cloud/contents/67b3063f4af7a
105,que00186,becd0e66-7e8d-4a95-b79d-e8567054fab4,https://ngk.wisski.cloud/contents/67b3063fde8ec
106,que00030,9b501f2c-1fdd-4e63-8cdb-86e506702e55,https://ngk.wisski.cloud/contents/67b30640a1ba1
107,que00034,78b3a03f-be49-4813-b42a-f2382a173bd2,https://ngk.wisski.cloud/contents/67b306413ac60
108,que00161,a2f1a787-6760-4039-8d37-7e7d1bfc920b,https://ngk.wisski.cloud/contents/67b30641bb0fa
109,que00168,b090d0ab-1a7f-4ea8-9083-0561df6b30b4,https://ngk.wisski.cloud/contents/67b30642565a5
110,que00083,f410aad8-56fa-4705-a847-a1026fccdfde,https://ngk.wisski.cloud/contents/67b3064311ab1
111,que00060,b8631300-2e0b-4e15-b550-b77b62688b86,https://ngk.wisski.cloud/contents/67b30643bd8dc
112,que00148,0045d819-ee44-49c9-af17-ca83202fd309,https://ngk.wisski.cloud/contents/67b3064461d3c
113,que00032,49939da1-6495-41eb-a305-2251605a4189,https://ngk.wisski.cloud/contents/67b306451ad43
114,que00174,6071723a-4390-43d0-ae56-dc82c71f9e07,https://ngk.wisski.cloud/contents/67b30645c4e84
115,que00175,74e19f91-9bcd-46eb-97c6-cd1ef42cc81a,https://ngk.wisski.cloud/contents/67b306467b869
116,que00102,df271b1a-cf7e-4e89-8d7b-e51c336c8738,https://ngk.wisski.cloud/contents/67b3064727293
117,que00061,e23009ca-2081-46f5-a281-a083b7e66775,https://ngk.wisski.cloud/contents/67b30647bd57e
118,que00071,148b282b-9951-4d0f-bb5e-119e1fb64656,https://ngk.wisski.cloud/contents/67b306486bd44
119,que00151,7acc97b3-5286-4449-bdd6-ff9aad09d5d6,https://ngk.wisski.cloud/contents/67b3064905209
120,que00169,64a435af-b40f-46c1-b073-0ed15c6f22bc,https://ngk.wisski.cloud/contents/67b306499939a
121,que00065,691836c8-b606-4f68-bbcf-3e347af7c759,https://ngk.wisski.cloud/contents/67b3064a36a18
122,que00009,08d99974-82e4-4550-96fa-a4f18f6edfe9,https://ngk.wisski.cloud/contents/67b3064ace4ed
123,que00135,84e6d55a-f629-486e-90e3-aefdfaa28226,https://ngk.wisski.cloud/contents/67b3064b6cbc5
124,que00114,1409998a-f6da-4c2a-9aeb-6187cd59225e,https://ngk.wisski.cloud/contents/67b3064c04ee1
125,que00039,bb8f19ad-4f62-461e-8466-25a267771f2e,https://ngk.wisski.cloud/contents/67b3064c96081
126,que00074,73489bde-1846-49ff-86d7-5e1a848efb3f,https://ngk.wisski.cloud/contents/67b3064d45668
127,que00050,99a2d944-1aa9-4bba-bf84-1c67ef477443,https://ngk.wisski.cloud/contents/67b3064dd49bd
128,que00155,164c8bb5-32ab-4e78-8eef-205b2a792df5,https://ngk.wisski.cloud/contents/67b3064e763e5
129,que00015,6f2559e6-8623-48cb-b9af-c810a67fe357,https://ngk.wisski.cloud/contents/67b3064f10a3f
130,que00120,54e325e7-3102-4e36-a8d7-d339c805b5ec,https://ngk.wisski.cloud/contents/67b3064fb1f33
131,que00124,5123ebbc-29bc-49b8-9fcb-19e5bc069082,https://ngk.wisski.cloud/contents/67b30650524b6
132,que00160,a2baed5f-e1bb-4d99-9ec2-99c255389129,https://ngk.wisski.cloud/contents/67b3065121910
133,que00133,4baca0ef-0029-4755-8376-500349c15fbe,https://ngk.wisski.cloud/contents/67b30651c838a
134,que00178,a80ee158-3c60-4fb5-97e2-d7e0ddb96f88,https://ngk.wisski.cloud/contents/67b3065287ab7
135,que00003,912a358a-e53b-479a-bbeb-81d131be599b,https://ngk.wisski.cloud/contents/67b3065338d12
136,que00041,d91ba13e-924d-485d-a803-da24ed64f4b8,https://ngk.wisski.cloud/contents/67b30653cd446
137,que00049,e07f137c-5b78-4714-893e-38af10f5dd4e,https://ngk.wisski.cloud/contents/67b30654790bf
138,que00104,8fd13345-0969-4245-b6ee-33af43fd8c4e,https://ngk.wisski.cloud/contents/67b30655192a1
139,que00024,1d489404-e685-4521-a7e0-09d4b3292daf,https://ngk.wisski.cloud/contents/67b30655baf66
140,que00166,0720fe7a-f511-4d98-b7ac-ed5be5512fef,https://ngk.wisski.cloud/contents/67b3065665889
141,que00069,5816e079-8f0c-48a3-bd08-29f64a2c36cf,https://ngk.wisski.cloud/contents/67b3065718d81
142,que00019,481ee907-7d7b-4745-9d9b-427b480fac91,https://ngk.wisski.cloud/contents/67b30657b3189
143,que00157,2c2725c9-69e0-450e-987d-20eba2a43124,https://ngk.wisski.cloud/contents/67b3065870007
144,que00170,5f1965b1-d5c5-44e1-8bb6-253f9ad44f16,https://ngk.wisski.cloud/contents/67b3065906e47
145,que00156,6956f1f9-9a6a-4313-9238-99dd93bc2dcf,https://ngk.wisski.cloud/contents/67b306599f453
146,que00031,805d680b-2416-49bb-a0f2-f4d7a9369ab3,https://ngk.wisski.cloud/contents/67b3065a56755
147,que00014,a4815718-8db3-4df2-b40c-f5079afdf75e,https://ngk.wisski.cloud/contents/67b3065b1e89b
148,que00008,b034b0a4-200b-4f45-8577-64749929f953,https://ngk.wisski.cloud/contents/67b3065bc3d18
149,que00057,eb288dea-6235-4dd0-8aa4-52c19fa914aa,https://ngk.wisski.cloud/contents/67b3065c6fc0b
150,que00017,deca7e8b-9568-4b49-8afa-283158b9af97,https://ngk.wisski.cloud/contents/67b3065d13012
151,que00183,2963026b-48e7-4efd-b3fa-ead6b3fa8a08,https://ngk.wisski.cloud/contents/67b3065dac5a5
152,que00098,c27764f2-1ae2-4fd5-bc1e-da2f7fb4fb78,https://ngk.wisski.cloud/contents/67b3065e6415b
153,que00011,9c4bf637-9fc8-4bac-b69d-88a9ec15a40d,https://ngk.wisski.cloud/contents/67b3065f282b6
154,que00059,03ffe2d3-be44-4162-8565-b13d7fbe6ba2,https://ngk.wisski.cloud/contents/67b3065fbeca4
155,que00171,bb8456f3-bb4d-46f8-92fd-f05a0ebd5624,https://ngk.wisski.cloud/contents/67b3066087691
156,que00045,32596da7-c45d-4f14-adbc-59ba93b9263b,https://ngk.wisski.cloud/contents/67b306613170d
157,que00091,729a8c25-443c-4ea9-8848-2c39d599a991,https://ngk.wisski.cloud/contents/67b30661e00c3
158,que00085,145ffeed-e766-459b-b840-84029ed9b6da,https://ngk.wisski.cloud/contents/67b30662afd8b
159,que00022,c6bbae02-d217-4687-9459-4cf152bdc83b,https://ngk.wisski.cloud/contents/67b306634dbf0
160,que00150,cc7552a1-b50c-4606-a887-8ec0e0b22121,https://ngk.wisski.cloud/contents/67b306640b54e
161,que00084,81c00937-0938-49ca-94a4-7376aa4009d2,https://ngk.wisski.cloud/contents/67b30664a3d5c
162,que00182,4030a909-2591-4831-ba0f-491439d83e9d,https://ngk.wisski.cloud/contents/67b306655497b
163,que00103,020e2c45-e581-4e30-81ef-d255bd904ee0,https://ngk.wisski.cloud/contents/67b3066615b51
164,que00025,6a50c1bf-8c38-4992-af9e-3993d4e577cd,https://ngk.wisski.cloud/contents/67b30666a947b
165,que00037,bf56e91a-1563-472f-9386-9f77325a5b6b,https://ngk.wisski.cloud/contents/67b306674e7be
166,que00163,02f8e48a-dfad-400d-b6ad-69909eaa717c,https://ngk.wisski.cloud/contents/67b3066812bcd
167,que00172,4ed9352d-a72e-4ecc-b191-0ddf66d4c3f2,https://ngk.wisski.cloud/contents/67b30668953c3
168,que00123,63889a3a-5a1f-4514-91d3-3a0dcd198f3c,https://ngk.wisski.cloud/contents/67b306692cdc2
169,que00002,8d03a7ee-8934-4c80-b6ab-5ce87d978894,https://ngk.wisski.cloud/contents/67b30669af637
170,que00079,d7199626-5c1c-453f-8f06-6f219e5b4108,https://ngk.wisski.cloud/contents/67b3066a4682a
171,que00154,1021c22a-7bc8-4d87-b8c6-d9ad187060d1,https://ngk.wisski.cloud/contents/67b3066ae3979
172,que00067,4e91a10b-db1a-4e43-a684-8bde6d61ddaa,https://ngk.wisski.cloud/contents/67b3066b9210b
173,que00130,aadbae1b-337e-435c-85bc-a805204332af,https://ngk.wisski.cloud/contents/67b3066c3050c
174,que00094,ac8b036c-272f-4a82-9f67-1f0aa25de6a8,https://ngk.wisski.cloud/contents/67b3066ce7bbc
175,que00023,ac1f73af-977f-43c9-b4ce-e8af52d30c6d,https://ngk.wisski.cloud/contents/67b3066da2914
176,que00109,f4fada18-749b-4f58-8a0a-0c26a2166b80,https://ngk.wisski.cloud/contents/67b3066e527de
177,que00095,c9d16571-8530-49ca-ad31-baaa654568af,https://ngk.wisski.cloud/contents/67b3066ee60eb
178,que00078,1219a938-40e3-4b89-8eb0-b07556e37360,https://ngk.wisski.cloud/contents/67b3066f990fc
179,que00140,11556dfd-c8b9-48fe-bb4f-5e480fed7ce4,https://ngk.wisski.cloud/contents/67b3067052f1c
180,que00087,aa0db8c9-89ab-4f4a-a0f5-a6a41f25345e,https://ngk.wisski.cloud/contents/67b30670ea393
181,que00159,141c86b0-5378-461b-805e-838a3fb3df24,https://ngk.wisski.cloud/contents/67b30671af877
182,que00086,80512b34-bd0b-4075-973a-467dc8c3f807,https://ngk.wisski.cloud/contents/67b3067246e87
183,que00110,a49d0074-df41-4755-b206-60cd6dec954b,https://ngk.wisski.cloud/contents/67b30672ea7c3
184,que00006,a2ea335b-2950-40af-b429-680051fbc97a,https://ngk.wisski.cloud/contents/67b306737b2d3
185,que00082,c24f7d06-3ce1-447d-93eb-f322f8ed2c30,https://ngk.wisski.cloud/contents/67b306743ea06
